ClassId,Size,Count
58982,15,4
58982,17,5
58982,18,6
58982,20,5
58982,21,5
58982,22,6
58982,25,6
58982,26,4
58982,27,2
58982,28,4
58982,29,3
58982,30,6
58982,31,4
58982,32,4
58982,33,6
58982,34,4
58982,36,3
58982,38,5
58982,40,6
58982,41,3
58982,42,5
58982,43,5
58982,44,4
58982,45,6
58982,46,4
58982,50,3
58982,53,6
58982,54,3
58982,56,3
58982,63,5
58982,65,6
58982,66,6
58982,68,5
58982,69,6
58982,70,2
58982,71,3
58982,72,5
58982,73,5
58982,74,6
58982,75,4
58982,76,6
58982,79,5
58982,80,5
58982,82,5
58982,83,6
58982,89,6
58982,95,3
58982,98,5
58982,99,4
58982,100,2
58982,101,404
58982,102,4
58982,103,5
58982,104,3
58982,105,6
58982,106,442
58982,107,2
58982,108,5
58982,109,6
58982,110,6
58982,111,6
58982,112,4
58982,113,2
58982,114,4
58982,119,4
58982,120,2
58982,121,5
58982,123,4
58982,124,5
58982,126,4
58982,127,5
58982,128,6
58982,129,4
58982,130,4
58982,131,3
58982,132,4
58982,133,6
58982,134,4
58982,135,760
58982,136,2
58982,137,649
58982,138,5
58982,139,4
58982,142,2
58982,143,5
58982,144,3
58982,145,6
58982,147,3
58982,150,3
58982,151,4
58982,155,2
58982,159,4
58982,163,3
58982,164,6
58982,165,3
58982,166,751
58982,167,3
58982,168,3
58982,169,5
58982,170,3
58982,174,6
58982,175,4
58982,176,849
58982,177,6
58982,178,4
58982,179,6
58982,180,3
58982,181,5
58982,182,4
58982,183,672
58982,184,747
58982,185,724
58982,186,4
58982,187,3
58982,188,6
58982,189,4
58982,190,4
58982,191,2
58982,193,801
58982,194,3
58982,195,687
58982,196,5
58982,197,3
58982,198,4
58982,199,3
58982,200,4
58982,201,5
58982,202,555
58982,203,3
58982,204,3
58982,205,3
58982,206,599
58982,207,691
58982,208,4
58982,209,3
58982,210,314
58982,211,340
58982,212,611
58982,213,842
58982,214,4
58982,215,793
58982,216,670
58982,217,523
58982,218,368
58982,219,627
58982,220,655
58982,221,656
58982,222,841
58982,223,851
58982,224,858
58982,225,441
58982,226,690
58982,227,472
58982,228,609
58982,229,5
58982,230,5
58982,231,516
58982,233,558
58982,234,312
58982,235,694
58982,236,442
58982,238,413
58982,239,587
58982,240,889
58982,241,692
58982,242,495
58982,243,596
58982,244,306
58982,245,510
58982,246,436
58982,247,442
58982,248,843
58982,249,490
58982,250,505
58982,251,692
58982,252,804
58982,253,426
58982,254,569
58982,255,619
58982,256,485
58982,257,839
58982,258,611
58982,259,607
58982,260,518
58982,261,303
58982,262,888
58982,263,549
58982,264,545
58982,265,488
58982,266,525
58982,267,511
58982,268,650
58982,269,339
58982,270,445
58982,271,633
58982,272,396
58982,273,752
58982,274,824
58982,275,434
58982,276,457
58982,277,680
58982,278,775
58982,279,604
58982,280,303
58982,281,683
58982,282,824
58982,283,598
58982,284,627
58982,285,386
58982,286,763
58982,287,715
58982,288,707
58982,289,498
58982,290,577
58982,291,529
58982,292,346
58982,293,453
58982,294,865
58982,295,36100
58982,296,495
58982,297,888
58982,298,350
58982,301,578
58982,302,881
58982,303,878
58982,304,356
58982,305,319
58982,306,689
58982,307,502
58982,308,402
58982,309,736
58982,310,707
58982,311,453
58982,312,510
58982,313,361
58982,314,17125
58982,315,569
58982,316,776
58982,317,451
58982,318,479
58982,319,705
58982,320,808
58982,321,363
58982,322,448
58982,323,653
58982,324,562
58982,325,414
58982,326,551
58982,327,819
58982,328,805
58982,329,531
58982,330,319
58982,331,476
58982,332,756
58982,333,795
58982,334,896
58982,335,738
58982,336,828
58982,337,844
58982,338,429
58982,339,345
58982,340,436
58982,341,893
58982,342,835
58982,343,823
58982,344,658
58982,345,562
58982,346,440
58982,347,639
58982,348,506
58982,349,645
58982,350,641
58982,351,893
58982,352,850
58982,353,891
58982,354,345
58982,355,684
58982,356,725
58982,357,806
58982,358,769
58982,359,894
58982,360,366
58982,361,402
58982,362,688
58982,363,838
58982,364,422
58982,365,408
58982,366,484
58982,367,781
58982,368,665
58982,369,770
58982,370,470
58982,371,884
58982,372,681
58982,373,780
58982,374,833
58982,375,773
58982,376,839
58982,377,492
58982,378,343
58982,379,602
58982,380,845
58982,381,486
58982,382,808
58982,383,398
58982,384,555
58982,385,468
58982,386,348
58982,387,562
58982,388,435
58982,389,466
58982,390,371
58982,391,539
58982,392,314
58982,393,509
58982,394,707
58982,395,694
58982,396,694
58982,397,781
58982,398,479
58982,399,660
58982,400,690
58982,401,552
58982,402,515
58982,403,867
58982,404,305
58982,405,726
58982,406,384
58982,407,761
58982,408,800
58982,409,541
58982,410,306
58982,411,427
58982,412,628
58982,413,445
58982,414,565
58982,415,639
58982,416,609
58982,417,605
58982,418,455
58982,419,418
58982,420,830
58982,421,833
58982,422,893
58982,423,489
58982,424,817
58982,425,407
58982,426,325
58982,427,452
58982,428,758
58982,429,333
58982,430,326
58982,431,892
58982,432,462
58982,433,850
58982,434,608
58982,435,768
58982,436,808
58982,437,821
58982,438,785
58982,439,562
58982,440,377
58982,441,484
58982,442,632
58982,443,849
58982,444,312
58982,445,663
58982,446,478
58982,447,867
58982,448,467
58982,449,547
58982,450,644
58982,451,451
58982,452,351
58982,453,753
58982,454,565
58982,455,314
58982,456,374
58982,457,466
58982,458,383
58982,459,654
58982,460,778
58982,461,788
58982,462,597
58982,463,817
58982,464,532
58982,465,372
58982,466,751
58982,467,646
58982,468,489
58982,469,302
58982,470,542
58982,471,598
58982,472,468
58982,473,804
58982,474,547
58982,475,485
58982,476,820
58982,477,885
58982,478,692
58982,479,811
58982,480,805
58982,481,72
58982,482,49
58982,483,3
58982,484,5
58982,485,5
58982,486,320
58982,487,2
58982,488,4
58982,489,4
58982,490,4
58982,491,3
58982,492,4
58982,493,5
58982,494,3
58982,495,6
58982,496,6
58982,497,3
58982,498,6
58982,499,2
58982,500,74
58982,501,6
58982,502,2
58982,503,5
58982,504,4
58982,505,4
58982,506,59
58982,507,4
58982,508,2
58982,509,2
58982,510,2
58982,511,91
58982,512,6
58982,513,3
58982,514,3
58982,515,5
58982,516,5
58982,517,6
58982,518,3
58982,519,3
58982,520,5
58982,521,2
58982,522,3
58982,523,43
58982,524,5
58982,525,3
58982,526,6
58982,527,2
58982,528,86
58982,529,3
58982,530,2
58982,531,3
58982,532,5
58982,533,3
58982,534,6
58982,535,6
58982,536,6
58982,537,3
58982,538,72
58982,539,6
58982,540,3
58982,541,3
58982,542,50
58982,543,3
58982,544,54
58982,545,82
58982,546,5
58982,547,4
58982,548,94
58982,549,98
58982,550,72
58982,551,6
58982,552,4
58982,553,4
58982,554,6
58982,555,4
58982,556,102
58982,557,6
58982,558,79
58982,559,56
58982,560,91
58982,561,69
58982,562,91
58982,563,2
58982,564,79
58982,565,6
58982,566,5
58982,567,6
58982,568,3
58982,569,6
58982,570,4
58982,571,53
58982,572,63
58982,573,82
58982,574,69
58982,575,6
58982,576,80
58982,577,89
58982,578,81
58982,579,74
58982,580,40
58982,581,2
58982,582,4
58982,583,3
58982,584,6
58982,585,5
58982,586,4
58982,587,2
58982,588,6
58982,589,2
58982,590,6
58982,591,4
58982,592,72
58982,593,4
58982,594,3
58982,595,6
58982,596,4
58982,597,54
58982,598,6
58982,599,2
58982,600,59
58982,601,73
58982,602,102
58982,603,82
58982,604,57
58982,605,3
58982,606,3
58982,607,45
58982,608,3
58982,609,67
58982,610,46
58982,611,52
58982,612,63
58982,613,2
58982,614,103
58982,615,103
58982,616,44
58982,617,39
58982,618,80
58982,619,100
58982,620,97
58982,621,5
58982,622,49
58982,623,6
58982,624,4
58982,625,5
58982,626,61
58982,627,104
58982,628,102
58982,629,6
58982,630,36
58982,631,92
58982,632,101
58982,633,77
58982,634,74
58982,635,72
58982,636,65
58982,637,42
58982,638,86
58982,639,74
58982,640,77
58982,641,91
58982,642,53
58982,643,85
58982,644,61
58982,645,85
58982,646,4
58982,647,80
58982,648,75
58982,649,87
58982,650,74
58982,651,86
58982,652,46
58982,653,70
58982,654,100
58982,655,6
58982,656,56
58982,657,82
58982,658,5
58982,659,74
58982,660,49
58982,661,37
58982,662,58
58982,663,83
58982,664,88
58982,665,75
58982,666,63
58982,667,47
58982,668,84
58982,669,40
58982,670,42
58982,671,97
58982,672,35
58982,673,102
58982,674,72
58982,675,84
58982,676,37
58982,677,99
58982,678,60
58982,679,72
58982,680,64
58982,681,44
58982,682,93
58982,683,97
58982,684,92
58982,685,92
58982,686,44
58982,687,54
58982,688,63
58982,689,97
58982,690,53
58982,691,61
58982,692,63
58982,693,94
58982,694,96
58982,695,80
58982,696,100
58982,697,72
58982,698,65
58982,699,95
58982,700,87
58982,701,87
58982,702,93
58982,703,94
58982,704,71
58982,705,72
58982,706,257
58982,707,85
58982,708,100
58982,709,58
58982,710,44
58982,711,53
58982,712,103
58982,713,95
58982,714,104
58982,715,66
58982,716,51
58982,717,48
58982,718,61
58982,719,103
58982,720,72
58982,721,100
58982,722,38
58982,723,41
58982,724,67
58982,725,68
58982,726,50
58982,727,48
58982,728,83
58982,729,83
58982,730,75
58982,731,79
58982,732,36
58982,733,37
58982,734,64
58982,735,49
58982,736,85
58982,737,76
58982,738,77
58982,739,71
58982,740,58
58982,741,60
58982,742,58
58982,743,37
58982,744,69
58982,745,86
58982,746,95
58982,747,48
58982,748,58
58982,749,95
58982,750,39
58982,751,37
58982,752,62
58982,753,68
58982,754,99
58982,755,54
58982,756,90
58982,757,55
58982,758,47
58982,759,36
58982,760,49
58982,761,58
58982,762,53
58982,763,69
58982,764,47
58982,765,64
58982,766,54
58982,767,76
58982,768,42
58982,769,97
58982,770,58
58982,771,81
58982,772,58
58982,773,61
58982,774,73
58982,775,82
58982,776,98
58982,777,73
58982,778,82
58982,779,64
58982,780,47
58982,781,96
58982,782,80
58982,783,104
58982,784,59
58982,785,74
58982,786,38
58982,787,37
58982,788,47
58982,789,85
58982,790,41
58982,791,64
58982,792,78
58982,793,53
58982,794,97
58982,795,56
58982,796,51
58982,797,44
58982,798,69
58982,799,71
58982,800,82
58982,801,57
58982,802,99
58982,803,87
58982,804,70
58982,805,66
58982,806,76
58982,807,104
58982,808,73
58982,809,98
58982,810,72
58982,811,77
58982,812,71
58982,813,45
58982,814,36
58982,815,52
58982,816,38
58982,817,57
58982,818,54
58982,819,45
58982,820,63
58982,821,66
58982,822,92
58982,823,53
58982,824,65
58982,825,40
58982,826,52
58982,827,57
58982,828,63
58982,829,43
58982,830,101
58982,831,76
58982,832,94
58982,833,55
58982,834,41
58982,835,94
58982,836,68
58982,837,76
58982,838,73
58982,839,73
58982,840,47
58982,841,50
58982,842,54
58982,843,135
58982,844,48
58982,845,69
58982,846,36
58982,847,45
58982,848,46
58982,849,42
58982,850,3
58982,851,6
58982,852,3
58982,853,3
58982,854,84
58982,855,80
58982,856,38
58982,857,55
58982,858,100
58982,859,45
58982,860,63
58982,861,75
58982,862,57
58982,863,3
58982,864,4
58982,865,67
58982,866,31
58982,867,41
58982,868,4
58982,869,3
58982,870,5
58982,871,6
58982,872,6
58982,873,103
58982,874,33
58982,875,22
58982,876,6
58982,877,4
58982,878,6
58982,879,57
58982,880,2
58982,881,4
58982,882,3
58982,883,3
58982,884,1
58982,885,5
58982,886,5
58982,887,6
58982,888,5
58982,889,50
58982,890,6
58982,891,36
58982,892,3
58982,893,5
58982,894,5
58982,895,5
58982,896,3
58982,897,6
58982,898,5
58982,899,2
58982,900,26
58982,901,45
58982,902,99
58982,903,30
58982,904,6
58982,905,48
58982,906,2
58982,907,2
58982,908,3
58982,909,35
58982,910,6
58982,911,3
58982,912,33
58982,913,52
58982,914,28
58982,915,5
58982,916,43
58982,917,4
58982,918,4
58982,919,4
58982,920,42
58982,921,6
58982,922,6
58982,923,20
58982,924,5
58982,925,3
58982,926,52
58982,927,4
58982,928,6
58982,929,25
58982,930,47
58982,931,11
58982,932,44
58982,933,2
58982,934,3
58982,935,38
58982,936,45
58982,937,40
58982,938,4
58982,939,50
58982,940,2
58982,941,6
58982,942,50
58982,944,42
58982,945,35
58982,946,36
58982,947,28
58982,948,38
58982,949,2
58982,950,5
58982,951,3
58982,952,6
58982,953,3
58982,954,4
58982,955,4
58982,956,4
58982,957,40
58982,958,41
58982,959,81
58982,960,57
58982,961,4
58982,962,2
58982,963,4
58982,964,58
58982,965,37
58982,966,3
58982,967,71
58982,968,25
58982,969,24
58982,970,2
58982,971,29
58982,972,58
58982,973,49
58982,974,6
58982,975,49
58982,976,30
58982,977,27
58982,978,26
58982,979,23
58982,980,51
58982,981,48
58982,982,5
58982,983,4
58982,984,5
58982,985,48
58982,986,5
58982,987,24
58982,988,53
58982,989,3
58982,990,5
58982,991,4
58982,992,71
58982,993,47
58982,994,41
58982,995,20
58982,996,26
58982,997,53
58982,998,56
58982,999,54
58982,1000,33
58982,1001,23
58982,1002,6
58982,1003,5
58982,1004,5
58982,1005,2
58982,1006,5
58982,1007,41
58982,1008,37
58982,1009,57
58982,1010,43
58982,1011,52
58982,1012,31
58982,1013,41
58982,1014,3
58982,1015,5
58982,1016,24
58982,1017,20
58982,1018,43
58982,1019,45
58982,1020,48
58982,1021,6
58982,1022,4
58982,1023,50
58982,1024,39
58982,1025,47
58982,1026,2
58982,1027,42
58982,1028,6
58982,1029,46
58982,1030,3
58982,1031,55
58982,1032,5
58982,1033,4
58982,1034,3
58982,1035,30
58982,1036,42
58982,1037,45
58982,1038,35
58982,1039,33
58982,1040,21
58982,1041,35
58982,1042,44
58982,1043,4
58982,1044,2
58982,1045,4
58982,1046,4
58982,1047,6
58982,1048,3
58982,1049,3
58982,1050,3
58982,1051,51
58982,1052,4
58982,1053,35
58982,1054,3
58982,1055,3
58982,1056,3
58982,1057,5
58982,1058,4
58982,1059,4
58982,1060,4
58982,1061,6
58982,1062,3
58982,1063,33
58982,1064,4
58982,1065,51
58982,1066,3
58982,1067,3
58982,1068,4
58982,1069,52
58982,1070,6
58982,1071,4
58982,1072,4
58982,1073,4
58982,1074,32
58982,1075,4
58982,1076,5
58982,1077,3
58982,1078,4
58982,1079,37
58982,1080,5
58982,1081,6
58982,1082,5
58982,1083,28
58982,1084,22
58982,1085,26
58982,1086,45
58982,1087,2
58982,1088,4
58982,1089,6
58982,1090,5
58982,1091,42
58982,1092,2
58982,1093,3
58982,1094,3
58982,1095,5
58982,1096,46
58982,1097,6
58982,1098,4
58982,1099,3
58982,1100,6
58982,1101,6
58982,1102,5
58982,1103,3
58982,1104,5
58982,1105,3
58982,1106,5
58982,1107,4
58982,1108,3
58982,1109,4
58982,1110,5
58982,1111,35
58982,1112,5
58982,1113,4
58982,1114,5
58982,1115,2
58982,1116,4
58982,1117,3
58982,1118,57
58982,1119,4
58982,1120,4
58982,1121,5
58982,1122,4
58982,1123,4
58982,1124,2
58982,1125,6
58982,1126,6
58982,1127,3
58982,1128,5
58982,1129,5
58982,1130,3
58982,1131,4
58982,1132,4
58982,1133,3
58982,1134,2
58982,1135,5
58982,1136,5
58982,1137,2
58982,1138,4
58982,1139,2
58982,1140,4
58982,1141,5
58982,1142,5
58982,1143,2
58982,1144,5
58982,1145,5
58982,1146,5
58982,1147,4
58982,1148,2
58982,1149,3
58982,1150,5
58982,1151,2
58982,1152,3
58982,1153,2
58982,1154,3
58982,1155,4
58982,1156,4
58982,1157,5
58982,1158,5
58982,1159,6
58982,1160,4
58982,1161,6
58982,1162,6
58982,1163,2
58982,1164,4
58982,1165,5
58982,1166,3
58982,1167,5
58982,1168,4
58982,1169,6
58982,1170,4
58982,1171,3
58982,1172,6
58982,1173,2
58982,1174,2
58982,1175,4
58982,1176,5
58982,1177,6
58982,1178,4
58982,1179,6
58982,1180,5
58982,1181,5
58982,1182,5
58982,1183,3
58982,1184,5
58982,1185,2
58982,1186,4
58982,1187,5
58982,1188,5
58982,1189,3
58982,1190,4
58982,1191,2
58982,1192,3
58982,1193,4
58982,1194,2
58982,1195,2
58982,1196,6
58982,1197,5
58982,1198,5
58982,1199,3
58982,1200,4
58982,1201,2
58982,1202,6
58982,1203,5
58982,1204,6
58982,1205,3
58982,1206,5
58982,1207,5
58982,1208,6
58982,1209,5
58982,1210,4
58982,1211,2
58982,1212,6
58982,1213,4
58982,1214,6
58982,1215,4
58982,1216,2
58982,1217,6
58982,1218,4
58982,1219,6
58982,1220,4
58982,1221,4
58982,1222,6
58982,1223,5
58982,1224,3
58982,1225,6
58982,1226,4
58982,1227,4
58982,1228,4
58982,1229,3
58982,1230,2
58982,1231,4
58982,1232,2
58982,1233,5
58982,1234,3
58982,1235,5
58982,1236,4
58982,1237,3
58982,1238,6
58982,1239,4
58982,1240,5
58982,1241,6
58982,1242,4
58982,1243,6
58982,1244,5
58982,1245,5
58982,1246,5
58982,1247,5
58982,1248,6
58982,1249,5
58982,1250,4
58982,1251,2
58982,1252,4
58982,1253,3
58982,1254,23
58982,1255,4
58982,1256,5
58982,1257,6
58982,1258,6
58982,1259,33
58982,1260,4
58982,1261,5
58982,1262,6
58982,1263,4
58982,1264,2
58982,1265,6
58982,1266,6
58982,1267,5
58982,1268,2
58982,1269,3
58982,1270,6
58982,1271,3
58982,1272,4
58982,1273,5
58982,1274,6
58982,1275,3
58982,1276,6
58982,1277,5
58982,1278,6
58982,1279,2
58982,1280,5
58982,1281,27
58982,1282,6
58982,1283,5
58982,1284,5
58982,1285,6
58982,1286,6
58982,1287,4
58982,1288,4
58982,1289,4
58982,1290,33
58982,1291,6
58982,1292,6
58982,1293,3
58982,1294,5
58982,1295,5
58982,1296,4
58982,1297,3
58982,1298,4
58982,1299,4
58982,1300,4
58982,1301,5
58982,1302,3
58982,1303,3
58982,1304,4
58982,1305,6
58982,1306,5
58982,1307,3
58982,1308,6
58982,1309,2
58982,1310,5
58982,1311,3
58982,1312,4
58982,1313,6
58982,1314,4
58982,1315,5
58982,1316,3
58982,1317,3
58982,1318,3
58982,1319,5
58982,1320,3
58982,1321,5
58982,1322,3
58982,1323,4
58982,1324,5
58982,1325,4
58982,1326,45
58982,1327,5
58982,1328,6
58982,1329,2
58982,1330,5
58982,1331,5
58982,1332,2
58982,1333,5
58982,1334,6
58982,1335,4
58982,1336,3
58982,1337,5
58982,1338,4
58982,1339,4
58982,1340,3
58982,1341,5
58982,1342,5
58982,1343,6
58982,1344,3
58982,1345,3
58982,1346,3
58982,1347,2
58982,1348,3
58982,1349,4
58982,1350,3
58982,1351,3
58982,1352,6
58982,1353,6
58982,1354,4
58982,1355,3
58982,1356,5
58982,1357,5
58982,1358,2
58982,1359,4
58982,1360,4
58982,1361,5
58982,1362,4
58982,1363,6
58982,1364,3
58982,1365,3
58982,1366,6
58982,1367,5
58982,1368,4
58982,1369,5
58982,1370,5
58982,1371,3
58982,1372,5
58982,1373,3
58982,1374,5
58982,1375,4
58982,1376,2
58982,1377,5
58982,1378,4
58982,1379,6
58982,1380,5
58982,1381,3
58982,1382,5
58982,1383,6
58982,1384,2
58982,1385,6
58982,1386,4
58982,1387,6
58982,1388,4
58982,1389,5
58982,1390,4
58982,1391,6
58982,1392,5
58982,1393,5
58982,1394,6
58982,1395,6
58982,1396,4
58982,1397,6
58982,1398,4
58982,1399,4
58982,1400,6
58982,1401,5
58982,1402,5
58982,1403,3
58982,1404,5
58982,1405,5
58982,1406,5
58982,1407,2
58982,1408,4
58982,1409,4
58982,1410,5
58982,1411,5
58982,1412,3
58982,1413,3
58982,1414,4
58982,1415,3
58982,1416,5
58982,1417,4
58982,1418,5
58982,1419,3
58982,1420,6
58982,1421,3
58982,1422,5
58982,1423,5
58982,1424,4
58982,1425,3
58982,1426,4
58982,1427,27
58982,1428,6
58982,1429,6
58982,1430,5
58982,1431,4
58982,1432,5
58982,1433,5
58982,1434,2
58982,1435,3
58982,1436,4
58982,1437,6
58982,1438,2
58982,1439,5
58982,1440,4
58982,1441,3
58982,1442,4
58982,1443,3
58982,1444,5
58982,1445,2
58982,1446,4
58982,1447,5
58982,1448,3
58982,1449,3
58982,1450,2
58982,1451,4
58982,1452,3
58982,1453,6
58982,1454,4
58982,1455,4
58982,1456,4
58982,1457,6
58982,1458,6
58982,1459,4
58982,1460,4
58982,1461,3
58982,1462,3
58982,1463,5
58982,1464,2
58982,1465,5
58982,1466,6
58982,1467,3
58982,1468,2
58982,1469,5
58982,1470,6
58982,1471,2
58982,1472,6
58982,1473,4
58982,1474,5
58982,1475,4
58982,1476,4
58982,1477,6
58982,1478,3
58982,1479,4
58982,1480,3
58982,1481,5
58982,1482,4
58982,1483,5
58982,1484,5
58982,1485,5
58982,1486,2
58982,1487,5
58982,1488,5
58982,1489,2
58982,1490,3
58982,1491,3
58982,1492,5
58982,1493,3
58982,1494,5
58982,1495,3
58982,1496,6
58982,1497,2
58982,1498,6
58982,1499,5
58982,1500,6
58982,1501,3
58982,1502,6
58982,1503,6
58982,1504,6
58982,1505,6
58982,1506,5
58982,1507,2
58982,1508,5
58982,1509,3
58982,1510,3
58982,1511,2
58982,1512,6
58982,1513,5
58982,1514,3
58982,1515,4
58982,1516,6
58982,1517,3
58982,1518,4
58982,1519,6
58982,1520,2
58982,1521,6
58982,1522,2
58982,1523,2
58982,1524,4
58982,1525,6
58982,1526,3
58982,1527,3
58982,1528,2
58982,1529,5
58982,1530,3
58982,1531,4
58982,1532,4
58982,1533,5
58982,1534,4
58982,1535,2
58982,1536,4
58982,1537,4
58982,1538,4
58982,1539,6
58982,1540,4
58982,1541,5
58982,1542,6
58982,1543,3
58982,1544,3
58982,1545,3
58982,1546,3
58982,1547,5
58982,1548,2
58982,1549,3
58982,1550,5
58982,1551,5
58982,1552,5
58982,1553,6
58982,1554,2
58982,1555,5
58982,1556,5
58982,1557,5
58982,1558,5
58982,1559,3
58982,1560,5
58982,1561,2
58982,1562,3
58982,1563,4
58982,1564,5
58982,1565,4
58982,1566,5
58982,1567,2
58982,1568,3
58982,1569,5
58982,1570,5
58982,1571,3
58982,1572,3
58982,1573,5
58982,1574,5
58982,1575,4
58982,1576,2
58982,1577,3
58982,1578,2
58982,1579,5
58982,1580,3
58982,1581,4
58982,1582,6
58982,1583,6
58982,1584,5
58982,1585,3
58982,1586,3
58982,1587,6
58982,1588,4
58982,1589,5
58982,1590,6
58982,1591,2
58982,1592,3
58982,1593,2
58982,1594,3
58982,1595,4
58982,1596,6
58982,1597,6
58982,1598,6
58982,1599,4
58982,1600,4
58982,1601,6
58982,1602,4
58982,1603,6
58982,1604,3
58982,1605,3
58982,1606,5
58982,1607,2
58982,1608,4
58982,1609,3
58982,1610,5
58982,1611,5
58982,1612,3
58982,1613,4
58982,1614,2
58982,1615,4
58982,1616,4
58982,1617,3
58982,1618,3
58982,1619,5
58982,1620,3
58982,1621,5
58982,1622,4
58982,1623,3
58982,1624,2
58982,1625,2
58982,1626,3
58982,1627,3
58982,1628,5
58982,1629,4
58982,1630,4
58982,1631,4
58982,1632,5
58982,1633,4
58982,1634,3
58982,1635,2
58982,1636,3
58982,1637,6
58982,1638,5
58982,1639,3
58982,1640,6
58982,1641,4
58982,1642,4
58982,1643,3
58982,1644,3
58982,1645,6
58982,1646,6
58982,1647,4
58982,1648,5
58982,1649,6
58982,1650,6
58982,1651,5
58982,1652,6
58982,1653,6
58982,1654,5
58982,1655,5
58982,1656,2
58982,1657,6
58982,1658,6
58982,1659,6
58982,1660,5
58982,1661,5
58982,1662,4
58982,1663,2
58982,1664,6
58982,1665,6
58982,1666,5
58982,1667,5
58982,1668,5
58982,1669,5
58982,1670,2
58982,1671,3
58982,1672,3
58982,1673,3
58982,1674,3
58982,1675,3
58982,1676,6
58982,1677,2
58982,1678,5
58982,1679,3
58982,1680,6
58982,1681,6
58982,1682,6
58982,1683,4
58982,1684,4
58982,1685,6
58982,1686,6
58982,1687,2
58982,1688,4
58982,1689,4
58982,1690,5
58982,1691,6
58982,1692,6
58982,1693,3
58982,1694,5
58982,1695,2
58982,1696,5
58982,1697,4
58982,1698,4
58982,1699,5
58982,1700,3
58982,1701,4
58982,1702,4
58982,1703,4
58982,1704,2
58982,1705,5
58982,1706,4
58982,1707,4
58982,1708,6
58982,1709,5
58982,1710,3
58982,1711,6
58982,1712,6
58982,1713,6
58982,1714,4
58982,1715,5
58982,1716,5
58982,1717,5
58982,1718,4
58982,1719,5
58982,1720,3
58982,1721,5
58982,1722,4
58982,1723,4
58982,1724,5
58982,1725,4
58982,1726,6
58982,1727,2
58982,1728,6
58982,1729,6
58982,1730,3
58982,1731,4
58982,1732,3
58982,1733,6
58982,1734,6
58982,1735,6
58982,1736,4
58982,1737,4
58982,1738,4
58982,1739,4
58982,1740,3
58982,1741,5
58982,1742,3
58982,1743,5
58982,1744,4
58982,1745,3
58982,1746,3
58982,1747,3
58982,1748,5
58982,1749,3
58982,1750,5
58982,1751,5
58982,1752,3
58982,1753,6
58982,1754,6
58982,1755,4
58982,1756,6
58982,1757,5
58982,1758,3
58982,1759,5
58982,1760,6
58982,1761,3
58982,1762,4
58982,1763,5
58982,1764,2
58982,1765,5
58982,1766,4
58982,1767,4
58982,1768,4
58982,1769,5
58982,1770,4
58982,1771,3
58982,1772,3
58982,1773,4
58982,1774,3
58982,1775,5
58982,1776,5
58982,1777,2
58982,1778,4
58982,1779,4
58982,1780,5
58982,1781,4
58982,1782,3
58982,1783,3
58982,1784,6
58982,1785,3
58982,1786,3
58982,1787,4
58982,1788,2
58982,1789,3
58982,1790,4
58982,1791,5
58982,1792,2
58982,1793,3
58982,1794,4
58982,1795,5
58982,1796,6
58982,1797,3
58982,1798,3
58982,1799,3
58982,1800,4
58982,1801,3
58982,1802,3
58982,1803,6
58982,1804,3
58982,1805,3
58982,1806,4
58982,1807,3
58982,1808,2
58982,1809,4
58982,1810,4
58982,1811,4
58982,1812,4
58982,1813,6
58982,1814,5
58982,1815,2
58982,1816,4
58982,1817,3
58982,1818,2
58982,1819,5
58982,1820,5
58982,1821,6
58982,1822,4
58982,1823,4
58982,1824,5
58982,1825,6
58982,1826,3
58982,1827,6
58982,1828,6
58982,1829,4
58982,1830,6
58982,1831,5
58982,1832,6
58982,1833,5
58982,1834,5
58982,1835,4
58982,1836,6
58982,1837,5
58982,1838,6
58982,1839,3
58982,1840,6
58982,1841,4
58982,1842,4
58982,1843,4
58982,1844,5
58982,1845,6
58982,1846,5
58982,1847,2
58982,1848,3
58982,1849,4
58982,1850,6
58982,1851,2
58982,1852,4
58982,1853,3
58982,1854,4
58982,1855,5
58982,1856,6
58982,1857,4
58982,1858,2
58982,1859,3
58982,1860,2
58982,1861,4
58982,1862,6
58982,1863,6
58982,1864,6
58982,1865,5
58982,1866,3
58982,1867,3
58982,1868,4
58982,1869,4
58982,1870,4
58982,1871,2
58982,1872,6
58982,1873,3
58982,1874,4
58982,1875,6
58982,1876,4
58982,1877,3
58982,1878,4
58982,1879,3
58982,1880,5
58982,1881,5
58982,1882,4
58982,1883,6
58982,1884,5
58982,1885,4
58982,1886,4
58982,1887,4
58982,1888,4
58982,1889,4
58982,1890,2
58982,1891,2
58982,1892,6
58982,1893,6
58982,1894,5
58982,1895,5
58982,1896,4
58982,1897,3
58982,1898,6
58982,1899,6
58982,1900,6
58982,1901,6
58982,1902,5
58982,1903,2
58982,1904,6
58982,1905,4
58982,1906,6
58982,1907,6
58982,1908,6
58982,1909,6
58982,1910,3
58982,1911,4
58982,1912,3
58982,1913,2
58982,1914,4
58982,1915,4
58982,1916,6
58982,1917,4
58982,1918,5
58982,1919,5
58982,1920,5
58982,1921,3
58982,1922,3
58982,1923,3
58982,1924,3
58982,1925,4
58982,1926,4
58982,1927,4
58982,1928,6
58982,1929,6
58982,1930,2
58982,1931,3
58982,1932,3
58982,1933,5
58982,1934,3
58982,1935,4
58982,1936,4
58982,1937,5
58982,1938,4
58982,1939,3
58982,1940,5
58982,1941,3
58982,1942,3
58982,1943,5
58982,1944,4
58982,1945,3
58982,1946,5
58982,1947,5
58982,1948,3
58982,1949,4
58982,1950,4
58982,1951,4
58982,1952,4
58982,1953,3
58982,1954,6
58982,1955,2
58982,1956,4
58982,1957,6
58982,1958,6
58982,1959,3
58982,1960,2
58982,1961,3
58982,1962,2
58982,1963,3
58982,1964,3
58982,1965,3
58982,1966,3
58982,1967,4
58982,1968,5
58982,1969,5
58982,1970,6
58982,1971,6
58982,1972,5
58982,1973,6
58982,1974,4
58982,1975,6
58982,1976,5
58982,1977,5
58982,1978,5
58982,1979,3
58982,1980,4
58982,1981,6
58982,1982,4
58982,1983,3
58982,1984,5
58982,1985,4
58982,1986,5
58982,1987,5
58982,1988,5
58982,1989,5
58982,1990,2
58982,1991,5
58982,1992,4
58982,1993,6
58982,1994,6
58982,1995,4
58982,1996,2
58982,1997,5
58982,1998,5
58982,1999,2
58982,2000,6
58982,2001,6
58982,2002,5
58982,2003,6
58982,2004,6
58982,2005,6
58982,2006,5
58982,2007,2
58982,2008,6
58982,2009,3
58982,2010,6
58982,2011,6
58982,2012,3
58982,2013,6
58982,2014,4
58982,2015,4
58982,2016,6
58982,2017,6
58982,2018,5
58982,2019,2
58982,2020,4
58982,2021,4
58982,2022,3
58982,2023,3
58982,2024,4
58982,2025,4
58982,2026,5
58982,2027,5
58982,2028,2
58982,2029,3
58982,2030,4
58982,2031,3
58982,2032,3
58982,2033,3
58982,2034,5
58982,2035,4
58982,2036,6
58982,2037,6
58982,2038,2
58982,2039,6
58982,2040,6
58982,2041,2
58982,2042,3
58982,2043,3
58982,2044,3
58982,2045,4
58982,2046,6
58982,2047,5
58982,2048,6
58982,2049,5
58982,2050,5
58982,2051,4
58982,2052,3
58982,2053,4
58982,2054,2
58982,2055,3
58982,2056,5
58982,2057,3
58982,2058,4
58982,2059,6
58982,2060,2
58982,2061,4
58982,2062,5
58982,2063,6
58982,2064,5
58982,2065,4
58982,2066,4
58982,2067,6
58982,2068,5
58982,2069,4
58982,2070,5
58982,2071,6
58982,2072,4
58982,2073,4
58982,2074,2
58982,2075,5
58982,2076,3
58982,2077,6
58982,2078,6
58982,2079,5
58982,2080,4
58982,2081,4
58982,2082,3
58982,2083,5
58982,2084,6
58982,2085,6
58982,2086,4
58982,2087,5
58982,2088,4
58982,2089,5
58982,2090,4
58982,2091,5
58982,2092,3
58982,2093,4
58982,2094,5
58982,2095,3
58982,2096,5
58982,2097,3
58982,2098,5
58982,2099,4
58982,2100,3
58982,2101,6
58982,2102,5
58982,2103,3
58982,2104,3
58982,2105,3
58982,2106,3
58982,2107,6
58982,2108,3
58982,2109,4
58982,2110,5
58982,2111,2
58982,2112,6
58982,2113,5
58982,2114,4
58982,2115,3
58982,2116,6
58982,2117,4
58982,2118,4
58982,2119,3
58982,2120,2
58982,2121,5
58982,2122,4
58982,2123,3
58982,2124,5
58982,2125,3
58982,2126,4
58982,2127,4
58982,2128,4
58982,2129,6
58982,2130,3
58982,2131,2
58982,2132,5
58982,2133,6
58982,2134,4
58982,2135,4
58982,2136,4
58982,2137,6
58982,2138,3
58982,2139,4
58982,2140,6
58982,2141,4
58982,2142,3
58982,2143,3
58982,2144,3
58982,2145,2
58982,2146,3
58982,2147,5
58982,2148,3
58982,2149,5
58982,2150,4
58982,2151,2
58982,2153,5
58982,2154,3
58982,2155,3
58982,2156,6
58982,2157,4
58982,2158,6
58982,2159,3
58982,2160,6
58982,2161,5
58982,2162,6
58982,2163,3
58982,2164,5
58982,2165,6
58982,2166,3
58982,2167,5
58982,2168,3
58982,2169,3
58982,2170,4
58982,2171,2
58982,2172,3
58982,2173,6
58982,2174,5
58982,2175,4
58982,2176,5
58982,2177,6
58982,2178,2
58982,2179,6
58982,2180,5
58982,2181,3
58982,2182,5
58982,2183,3
58982,2184,6
58982,2185,5
58982,2186,2
58982,2187,6
58982,2188,5
58982,2189,3
58982,2190,5
58982,2191,3
58982,2192,5
58982,2193,6
58982,2194,3
58982,2195,3
58982,2196,3
58982,2197,6
58982,2198,6
58982,2199,5
58982,2200,5
58982,2201,6
58982,2202,6
58982,2203,4
58982,2204,5
58982,2205,4
58982,2206,2
58982,2207,6
58982,2208,3
58982,2209,6
58982,2210,4
58982,2211,5
58982,2212,3
58982,2213,3
58982,2214,2
58982,2215,3
58982,2216,4
58982,2217,6
58982,2218,6
58982,2219,3
58982,2220,5
58982,2221,6
58982,2222,4
58982,2223,3
58982,2224,3
58982,2225,3
58982,2226,5
58982,2227,2
58982,2228,6
58982,2229,3
58982,2230,5
58982,2231,6
58982,2232,6
58982,2233,4
58982,2234,5
58982,2235,4
58982,2236,4
58982,2237,3
58982,2238,4
58982,2239,5
58982,2240,6
58982,2241,4
58982,2242,2
58982,2243,5
58982,2244,4
58982,2245,5
58982,2246,3
58982,2247,5
58982,2248,3
58982,2249,3
58982,2250,5
58982,2251,6
58982,2252,3
58982,2253,5
58982,2254,3
58982,2255,5
58982,2256,6
58982,2257,6
58982,2258,6
58982,2259,5
58982,2260,4
58982,2261,4
58982,2262,5
58982,2263,4
58982,2264,4
58982,2265,4
58982,2266,5
58982,2267,4
58982,2268,5
58982,2269,5
58982,2270,3
58982,2271,2
58982,2272,2
58982,2273,6
58982,2274,3
58982,2275,5
58982,2276,6
58982,2277,3
58982,2278,4
58982,2279,6
58982,2280,3
58982,2281,6
58982,2282,5
58982,2283,5
58982,2284,6
58982,2285,4
58982,2286,5
58982,2287,4
58982,2288,4
58982,2289,3
58982,2290,6
58982,2291,4
58982,2292,5
58982,2293,3
58982,2294,5
58982,2295,4
58982,2296,6
58982,2297,6
58982,2298,4
58982,2299,4
58982,2300,3
58982,2301,2
58982,2302,6
58982,2303,4
58982,2304,3
58982,2305,6
58982,2306,4
58982,2307,5
58982,2308,5
58982,2309,3
58982,2310,2
58982,2311,4
58982,2312,3
58982,2313,3
58982,2314,6
58982,2315,5
58982,2316,2
58982,2317,5
58982,2318,4
58982,2319,3
58982,2320,5
58982,2321,2
58982,2322,5
58982,2323,6
58982,2324,5
58982,2325,5
58982,2326,5
58982,2327,5
58982,2328,4
58982,2329,4
58982,2330,4
58982,2331,3
58982,2332,6
58982,2333,5
58982,2334,3
58982,2335,5
58982,2336,5
58982,2337,6
58982,2338,5
58982,2339,4
58982,2340,3
58982,2341,3
58982,2342,6
58982,2343,5
58982,2344,2
58982,2345,2
58982,2346,3
58982,2347,2
58982,2348,5
58982,2349,5
58982,2350,5
58982,2351,2
58982,2352,5
58982,2353,6
58982,2354,5
58982,2355,5
58982,2356,6
58982,2357,3
58982,2358,4
58982,2359,4
58982,2360,4
58982,2361,4
58982,2362,3
58982,2363,5
58982,2364,3
58982,2365,29
58982,2366,3
58982,2367,6
58982,2368,4
58982,2369,6
58982,2370,6
58982,2371,3
58982,2372,4
58982,2373,6
58982,2374,4
58982,2375,2
58982,2376,4
58982,2377,3
58982,2378,5
58982,2379,3
58982,2380,4
58982,2381,6
58982,2382,5
58982,2383,2
58982,2384,2
58982,2385,5
58982,2386,3
58982,2387,3
58982,2388,5
58982,2389,3
58982,2390,3
58982,2391,4
58982,2392,5
58982,2393,3
58982,2394,4
58982,2395,6
58982,2396,2
58982,2397,5
58982,2398,3
58982,2399,6
58982,2400,6
58982,2401,4
58982,2402,6
58982,2403,6
58982,2404,4
58982,2405,4
58982,2406,5
58982,2407,4
58982,2408,3
58982,2409,5
58982,2410,3
58982,2411,5
58982,2412,5
58982,2413,5
58982,2414,6
58982,2415,4
58982,2416,4
58982,2417,5
58982,2418,6
58982,2419,4
58982,2420,6
58982,2421,5
58982,2422,2
58982,2423,4
58982,2424,4
58982,2425,5
58982,2426,3
58982,2427,3
58982,2428,4
58982,2429,4
58982,2430,4
58982,2431,3
58982,2432,5
58982,2433,2
58982,2434,2
58982,2435,4
58982,2436,2
58982,2437,4
58982,2438,4
58982,2439,3
58982,2440,3
58982,2441,5
58982,2442,3
58982,2443,6
58982,2444,5
58982,2445,2
58982,2446,4
58982,2447,4
58982,2448,4
58982,2449,4
58982,2450,3
58982,2451,3
58982,2452,5
58982,2453,5
58982,2454,2
58982,2455,3
58982,2456,5
58982,2457,3
58982,2458,5
58982,2459,5
58982,2460,5
58982,2461,4
58982,2462,5
58982,2463,4
58982,2464,4
58982,2465,2
58982,2466,4
58982,2467,3
58982,2468,3
58982,2469,3
58982,2470,5
58982,2471,4
58982,2472,3
58982,2473,3
58982,2474,5
58982,2475,3
58982,2476,5
58982,2477,4
58982,2478,3
58982,2479,4
58982,2480,6
58982,2481,4
58982,2482,3
58982,2483,5
58982,2484,2
58982,2485,5
58982,2486,6
58982,2487,4
58982,2488,6
58982,2489,4
58982,2490,4
58982,2491,4
58982,2492,4
58982,2493,3
58982,2494,5
58982,2495,6
58982,2496,5
58982,2497,4
58982,2498,6
58982,2499,4
58982,2500,3
58982,2501,5
58982,2502,3
58982,2503,6
58982,2504,5
58982,2505,3
58982,2506,4
58982,2507,6
58982,2508,6
58982,2509,4
58982,2510,3
58982,2511,2
58982,2512,4
58982,2513,6
58982,2514,4
58982,2515,6
58982,2516,4
58982,2517,5
58982,2518,6
58982,2519,5
58982,2520,4
58982,2521,5
58982,2522,5
58982,2523,3
58982,2524,6
58982,2525,6
58982,2526,3
58982,2527,3
58982,2528,2
58982,2529,6
58982,2530,5
58982,2531,2
58982,2532,4
58982,2533,5
58982,2534,4
58982,2535,3
58982,2536,2
58982,2537,3
58982,2538,6
58982,2539,4
58982,2540,5
58982,2541,4
58982,2542,4
58982,2543,5
58982,2544,5
58982,2545,5
58982,2546,3
58982,2547,2
58982,2548,5
58982,2549,5
58982,2550,5
58982,2551,4
58982,2552,2
58982,2553,6
58982,2554,3
58982,2555,4
58982,2556,2
58982,2557,3
58982,2558,4
58982,2559,4
58982,2560,3
58982,2561,4
58982,2562,3
58982,2563,4
58982,2564,4
58982,2565,3
58982,2566,5
58982,2567,3
58982,2568,3
58982,2569,6
58982,2570,4
58982,2571,6
58982,2572,6
58982,2573,3
58982,2574,4
58982,2575,5
58982,2576,3
58982,2577,5
58982,2578,3
58982,2579,5
58982,2580,4
58982,2581,3
58982,2582,5
58982,2583,5
58982,2584,4
58982,2585,4
58982,2586,3
58982,2587,4
58982,2588,4
58982,2589,5
58982,2590,2
58982,2591,6
58982,2592,4
58982,2593,2
58982,2594,6
58982,2595,6
58982,2596,5
58982,2597,5
58982,2598,3
58982,2599,4
58982,2600,6
58982,2601,3
58982,2602,5
58982,2603,4
58982,2604,4
58982,2605,3
58982,2606,5
58982,2607,5
58982,2608,6
58982,2609,3
58982,2610,5
58982,2611,2
58982,2612,6
58982,2613,6
58982,2614,3
58982,2615,3
58982,2616,6
58982,2617,3
58982,2618,5
58982,2619,2
58982,2620,3
58982,2621,2
58982,2622,4
58982,2623,3
58982,2624,3
58982,2625,6
58982,2626,4
58982,2627,4
58982,2628,6
58982,2629,5
58982,2630,3
58982,2631,3
58982,2632,6
58982,2633,6
58982,2634,5
58982,2635,6
58982,2636,4
58982,2637,5
58982,2638,2
58982,2639,4
58982,2640,6
58982,2641,6
58982,2642,5
58982,2643,5
58982,2644,4
58982,2645,3
58982,2646,5
58982,2647,5
58982,2648,3
58982,2649,6
58982,2650,4
58982,2651,4
58982,2652,5
58982,2653,4
58982,2654,4
58982,2655,3
58982,2656,4
58982,2657,4
58982,2658,5
58982,2659,4
58982,2660,5
58982,2661,5
58982,2662,2
58982,2663,3
58982,2664,6
58982,2665,4
58982,2666,5
58982,2667,6
58982,2668,2
58982,2669,6
58982,2670,4
58982,2671,2
58982,2672,3
58982,2673,4
58982,2674,2
58982,2675,4
58982,2676,4
58982,2677,4
58982,2678,2
58982,2679,6
58982,2680,2
58982,2681,6
58982,2682,2
58982,2683,3
58982,2684,5
58982,2685,5
58982,2686,4
58982,2687,5
58982,2688,5
58982,2689,2
58982,2690,6
58982,2691,5
58982,2692,5
58982,2693,5
58982,2694,5
58982,2695,3
58982,2696,5
58982,2697,3
58982,2698,6
58982,2699,4
58982,2700,5
58982,2701,4
58982,2702,6
58982,2703,5
58982,2704,4
58982,2705,3
58982,2706,4
58982,2707,5
58982,2708,5
58982,2709,5
58982,2710,3
58982,2711,4
58982,2712,3
58982,2713,3
58982,2714,6
58982,2715,3
58982,2716,4
58982,2717,6
58982,2718,6
58982,2719,6
58982,2720,5
58982,2721,4
58982,2722,3
58982,2723,4
58982,2724,3
58982,2725,6
58982,2726,5
58982,2727,5
58982,2728,5
58982,2729,3
58982,2730,4
58982,2731,4
58982,2732,5
58982,2733,6
58982,2734,5
58982,2735,6
58982,2736,5
58982,2737,3
58982,2738,6
58982,2739,4
58982,2740,6
58982,2741,6
58982,2742,4
58982,2743,3
58982,2744,6
58982,2745,6
58982,2746,3
58982,2747,3
58982,2748,4
58982,2749,5
58982,2750,2
58982,2751,5
58982,2752,6
58982,2753,4
58982,2754,4
58982,2755,4
58982,2756,6
58982,2757,5
58982,2758,6
58982,2759,4
58982,2760,4
58982,2761,6
58982,2762,4
58982,2763,4
58982,2764,4
58982,2765,4
58982,2766,3
58982,2767,2
58982,2768,3
58982,2769,3
58982,2770,2
58982,2771,4
58982,2772,4
58982,2773,4
58982,2774,5
58982,2775,6
58982,2776,2
58982,2777,4
58982,2778,2
58982,2779,6
58982,2780,6
58982,2781,6
58982,2782,4
58982,2783,4
58982,2784,5
58982,2785,3
58982,2786,3
58982,2787,5
58982,2788,4
58982,2789,2
58982,2790,3
58982,2791,3
58982,2792,3
58982,2793,4
58982,2794,6
58982,2795,4
58982,2796,6
58982,2797,4
58982,2798,3
58982,2799,3
58982,2800,6
58982,2801,4
58982,2802,3
58982,2803,2
58982,2804,5
58982,2805,6
58982,2806,3
58982,2807,5
58982,2808,3
58982,2809,3
58982,2810,3
58982,2811,3
58982,2812,2
58982,2813,4
58982,2814,5
58982,2815,5
58982,2816,6
58982,2817,5
58982,2818,4
58982,2819,5
58982,2820,4
58982,2821,5
58982,2822,4
58982,2823,3
58982,2824,4
58982,2825,5
58982,2826,5
58982,2827,3
58982,2828,4
58982,2829,4
58982,2830,5
58982,2831,6
58982,2832,2
58982,2833,5
58982,2834,6
58982,2835,4
58982,2836,3
58982,2837,2
58982,2838,6
58982,2839,5
58982,2840,4
58982,2841,4
58982,2842,4
58982,2843,3
58982,2844,5
58982,2845,4
58982,2846,2
58982,2847,4
58982,2848,3
58982,2849,4
58982,2850,2
58982,2851,3
58982,2852,6
58982,2853,6
58982,2854,3
58982,2856,3
58982,2857,5
58982,2858,3
58982,2859,6
58982,2860,6
58982,2861,5
58982,2862,5
58982,2863,3
58982,2864,5
58982,2865,3
58982,2866,6
58982,2867,2
58982,2868,6
58982,2869,5
58982,2870,2
58982,2871,3
58982,2872,5
58982,2873,5
58982,2874,6
58982,2875,4
58982,2876,6
58982,2877,4
58982,2878,3
58982,2879,5
58982,2880,3
58982,2881,4
58982,2882,3
58982,2883,3
58982,2884,4
58982,2885,3
58982,2886,4
58982,2887,4
58982,2888,3
58982,2889,6
58982,2890,3
58982,2891,6
58982,2892,3
58982,2893,6
58982,2894,3
58982,2895,5
58982,2896,3
58982,2897,4
58982,2898,3
58982,2899,5
58982,2900,5
58982,2901,3
58982,2902,3
58982,2903,6
58982,2904,5
58982,2905,3
58982,2906,5
58982,2907,4
58982,2908,5
58982,2909,3
58982,2910,4
58982,2911,2
58982,2912,5
58982,2913,5
58982,2914,4
58982,2915,3
58982,2916,5
58982,2917,2
58982,2918,6
58982,2919,6
58982,2920,2
58982,2921,4
58982,2922,4
58982,2923,6
58982,2924,3
58982,2925,4
58982,2926,4
58982,2927,3
58982,2928,5
58982,2929,3
58982,2930,6
58982,2931,3
58982,2932,3
58982,2933,6
58982,2934,5
58982,2935,2
58982,2936,2
58982,2937,4
58982,2938,5
58982,2939,3
58982,2940,3
58982,2941,3
58982,2942,5
58982,2943,4
58982,2944,5
58982,2945,6
58982,2946,6
58982,2947,6
58982,2948,4
58982,2949,3
58982,2950,3
58982,2951,3
58982,2952,5
58982,2953,6
58982,2954,3
58982,2955,4
58982,2956,5
58982,2957,3
58982,2958,4
58982,2959,3
58982,2960,6
58982,2961,3
58982,2962,4
58982,2963,2
58982,2964,2
58982,2965,6
58982,2966,6
58982,2967,5
58982,2968,4
58982,2969,5
58982,2970,6
58982,2971,6
58982,2972,4
58982,2973,3
58982,2974,3
58982,2975,4
58982,2976,4
58982,2977,2
58982,2978,4
58982,2979,6
58982,2980,3
58982,2981,5
58982,2982,4
58982,2983,5
58982,2984,3
58982,2985,6
58982,2986,2
58982,2987,6
58982,2988,4
58982,2989,4
58982,2990,3
58982,2991,3
58982,2992,4
58982,2993,5
58982,2994,2
58982,2995,4
58982,2996,4
58982,2997,3
58982,2998,3
58982,2999,5
58982,3000,3
58982,3001,3
58982,3002,4
58982,3003,2
58982,3004,6
58982,3005,3
58982,3006,3
58982,3007,4
58982,3008,4
58982,3009,6
58982,3010,4
58982,3011,5
58982,3012,6
58982,3013,3
58982,3014,2
58982,3015,3
58982,3016,5
58982,3017,5
58982,3018,4
58982,3019,3
58982,3020,4
58982,3021,2
58982,3022,6
58982,3023,3
58982,3024,4
58982,3025,5
58982,3026,3
58982,3027,6
58982,3028,3
58982,3029,5
58982,3030,2
58982,3031,5
58982,3032,4
58982,3033,3
58982,3034,2
58982,3035,5
58982,3036,4
58982,3037,6
58982,3038,4
58982,3039,2
58982,3040,4
58982,3041,6
58982,3042,4
58982,3043,5
58982,3044,5
58982,3045,4
58982,3046,4
58982,3047,4
58982,3048,3
58982,3049,4
58982,3050,4
58982,3051,4
58982,3052,3
58982,3053,6
58982,3054,6
58982,3055,3
58982,3056,4
58982,3057,6
58982,3058,2
58982,3059,3
58982,3060,5
58982,3061,3
58982,3062,3
58982,3063,6
58982,3064,5
58982,3065,3
58982,3066,3
58982,3067,6
58982,3068,5
58982,3069,3
58982,3070,3
58982,3071,6
58982,3072,6
58982,3073,3
58982,3074,4
58982,3075,5
58982,3076,3
58982,3077,3
58982,3078,2
58982,3079,4
58982,3080,4
58982,3081,6
58982,3082,3
58982,3083,4
58982,3084,6
58982,3085,3
58982,3086,6
58982,3087,3
58982,3088,5
58982,3089,6
58982,3090,6
58982,3091,4
58982,3092,3
58982,3093,6
58982,3094,2
58982,3095,4
58982,3096,4
58982,3097,3
58982,3098,5
58982,3099,6
58982,3100,4
58982,3101,3
58982,3102,5
58982,3103,4
58982,3104,3
58982,3105,3
58982,3106,6
58982,3107,5
58982,3108,6
58982,3109,3
58982,3110,6
58982,3111,2
58982,3112,5
58982,3113,4
58982,3114,4
58982,3115,3
58982,3116,6
58982,3117,4
58982,3118,4
58982,3119,6
58982,3120,6
58982,3121,2
58982,3122,4
58982,3123,3
58982,3124,3
58982,3125,3
58982,3126,6
58982,3127,2
58982,3128,5
58982,3129,5
58982,3130,4
58982,3131,6
58982,3132,4
58982,3133,2
58982,3134,6
58982,3135,4
58982,3136,5
58982,3137,3
58982,3138,4
58982,3139,5
58982,3140,4
58982,3141,4
58982,3142,4
58982,3143,4
58982,3144,4
58982,3145,3
58982,3146,5
58982,3147,6
58982,3148,3
58982,3149,3
58982,3150,3
58982,3151,6
58982,3152,2
58982,3153,4
58982,3154,4
58982,3155,3
58982,3156,3
58982,3157,3
58982,3158,3
58982,3159,4
58982,3160,5
58982,3161,3
58982,3162,5
58982,3163,3
58982,3164,3
58982,3165,4
58982,3166,5
58982,3167,3
58982,3168,4
58982,3169,3
58982,3170,4
58982,3171,4
58982,3172,3
58982,3173,5
58982,3174,4
58982,3175,4
58982,3176,6
58982,3177,3
58982,3178,2
58982,3179,5
58982,3180,4
58982,3181,4
58982,3182,6
58982,3183,6
58982,3184,5
58982,3185,3
58982,3186,5
58982,3187,6
58982,3188,6
58982,3189,4
58982,3190,6
58982,3191,6
58982,3192,5
58982,3193,6
58982,3194,5
58982,3195,6
58982,3196,5
58982,3197,3
58982,3198,3
58982,3199,5
58982,3200,5
58982,3201,5
58982,3202,4
58982,3203,4
58982,3204,5
58982,3205,4
58982,3206,4
58982,3207,4
58982,3208,4
58982,3209,3
58982,3210,5
58982,3211,6
58982,3212,4
58982,3213,5
58982,3214,2
58982,3215,2
58982,3216,5
58982,3217,5
58982,3218,6
58982,3219,4
58982,3220,5
58982,3221,6
58982,3222,4
58982,3223,6
58982,3224,4
58982,3225,5
58982,3226,6
58982,3227,4
58982,3228,4
58982,3229,4
58982,3230,2
58982,3231,5
58982,3232,4
58982,3233,3
58982,3234,3
58982,3235,3
58982,3236,4
58982,3237,4
58982,3238,6
58982,3239,4
58982,3240,5
58982,3241,6
58982,3242,4
58982,3243,4
58982,3244,4
58982,3245,6
58982,3246,4
58982,3247,2
58982,3248,6
58982,3249,5
58982,3250,6
58982,3251,3
58982,3252,5
58982,3253,4
58982,3254,4
58982,3255,3
58982,3256,5
58982,3257,4
58982,3258,6
58982,3259,3
58982,3260,4
58982,3261,3
58982,3262,3
58982,3263,3
58982,3264,3
58982,3265,3
58982,3266,3
58982,3267,3
58982,3268,3
58982,3269,3
58982,3270,6
58982,3271,4
58982,3272,6
58982,3273,4
58982,3274,5
58982,3275,2
58982,3276,5
58982,3277,4
58982,3278,2
58982,3279,3
58982,3280,3
58982,3281,6
58982,3282,4
58982,3283,3
58982,3284,3
58982,3285,5
58982,3286,3
58982,3287,4
58982,3288,3
58982,3289,5
58982,3290,5
58982,3291,6
58982,3292,6
58982,3293,4
58982,3294,6
58982,3295,5
58982,3296,2
58982,3297,3
58982,3298,6
58982,3299,5
58982,3300,3
58982,3301,4
58982,3302,6
58982,3303,6
58982,3304,5
58982,3305,2
58982,3306,3
58982,3307,6
58982,3308,5
58982,3309,4
58982,3310,3
58982,3311,5
58982,3312,4
58982,3313,5
58982,3314,5
58982,3315,2
58982,3316,6
58982,3317,4
58982,3318,3
58982,3319,4
58982,3320,3
58982,3321,6
58982,3322,6
58982,3323,5
58982,3324,5
58982,3325,2
58982,3326,4
58982,3327,6
58982,3328,5
58982,3329,3
58982,3330,4
58982,3331,4
58982,3332,3
58982,3333,2
58982,3334,6
58982,3335,3
58982,3336,3
58982,3337,4
58982,3338,4
58982,3339,4
58982,3340,4
58982,3341,6
58982,3342,4
58982,3343,3
58982,3344,4
58982,3345,3
58982,3346,4
58982,3347,5
58982,3348,3
58982,3349,4
58982,3350,4
58982,3351,3
58982,3352,2
58982,3353,3
58982,3354,4
58982,3355,4
58982,3356,4
58982,3357,3
58982,3358,3
58982,3359,4
58982,3360,4
58982,3361,5
58982,3362,3
58982,3363,4
58982,3364,4
58982,3365,5
58982,3366,4
58982,3367,5
58982,3368,4
58982,3369,3
58982,3370,3
58982,3371,6
58982,3372,3
58982,3373,6
58982,3374,4
58982,3375,6
58982,3376,4
58982,3377,4
58982,3378,4
58982,3379,6
58982,3380,3
58982,3381,5
58982,3382,4
58982,3383,3
58982,3384,2
58982,3385,3
58982,3386,5
58982,3387,2
58982,3388,4
58982,3389,4
58982,3390,3
58982,3391,3
58982,3392,4
58982,3393,4
58982,3394,4
58982,3395,3
58982,3396,3
58982,3397,5
58982,3398,2
58982,3399,6
58982,3400,3
58982,3401,6
58982,3402,6
58982,3403,4
58982,3404,5
58982,3405,4
58982,3406,5
58982,3407,4
58982,3408,6
58982,3409,4
58982,3410,3
58982,3411,6
58982,3412,5
58982,3413,5
58982,3414,6
58982,3415,3
58982,3416,6
58982,3417,3
58982,3418,2
58982,3419,2
58982,3420,5
58982,3421,2
58982,3422,3
58982,3423,6
58982,3424,5
58982,3425,4
58982,3426,2
58982,3427,5
58982,3428,4
58982,3429,5
58982,3430,4
58982,3431,4
58982,3432,4
58982,3433,4
58982,3434,6
58982,3435,3
58982,3436,6
58982,3437,6
58982,3438,5
58982,3439,4
58982,3440,6
58982,3441,6
58982,3442,4
58982,3443,4
58982,3444,5
58982,3445,3
58982,3446,6
58982,3447,4
58982,3448,5
58982,3449,5
58982,3450,6
58982,3451,6
58982,3452,5
58982,3453,6
58982,3454,5
58982,3455,4
58982,3456,6
58982,3457,4
58982,3458,5
58982,3459,5
58982,3460,4
58982,3461,2
58982,3462,5
58982,3463,5
58982,3464,5
58982,3465,4
58982,3466,3
58982,3467,3
58982,3468,5
58982,3469,4
58982,3470,4
58982,3471,4
58982,3472,3
58982,3473,6
58982,3474,3
58982,3475,2
58982,3476,6
58982,3477,5
58982,3478,3
58982,3479,6
58982,3480,5
58982,3481,2
58982,3482,4
58982,3483,4
58982,3484,3
58982,3485,4
58982,3486,6
58982,3487,3
58982,3488,3
58982,3489,3
58982,3490,3
58982,3491,5
58982,3492,2
58982,3493,2
58982,3494,2
58982,3495,2
58982,3496,3
58982,3497,6
58982,3498,6
58982,3499,5
58982,3500,2
58982,3501,4
58982,3502,4
58982,3503,4
58982,3504,3
58982,3505,6
58982,3506,3
58982,3507,3
58982,3508,4
58982,3509,4
58982,3510,5
58982,3511,4
58982,3512,3
58982,3513,6
58982,3514,3
58982,3515,3
58982,3516,3
58982,3517,3
58982,3518,3
58982,3519,6
58982,3520,4
58982,3521,2
58982,3522,2
58982,3523,6
58982,3524,4
58982,3525,3
58982,3526,5
58982,3527,6
58982,3528,3
58982,3529,5
58982,3530,5
58982,3531,4
58982,3532,4
58982,3533,3
58982,3534,4
58982,3535,4
58982,3536,3
58982,3537,5
58982,3538,3
58982,3539,3
58982,3540,5
58982,3541,5
58982,3542,4
58982,3543,6
58982,3544,5
58982,3545,5
58982,3546,6
58982,3547,3
58982,3548,3
58982,3549,3
58982,3550,4
58982,3551,5
58982,3552,6
58982,3553,5
58982,3554,2
58982,3555,4
58982,3556,3
58982,3557,4
58982,3558,6
58982,3559,3
58982,3560,5
58982,3561,5
58982,3562,4
58982,3563,4
58982,3564,3
58982,3565,4
58982,3566,5
58982,3567,4
58982,3568,4
58982,3569,6
58982,3570,6
58982,3571,5
58982,3572,2
58982,3573,2
58982,3574,5
58982,3575,4
58982,3576,5
58982,3577,3
58982,3578,3
58982,3579,6
58982,3580,6
58982,3581,2
58982,3582,6
58982,3583,6
58982,3584,5
58982,3585,4
58982,3586,5
58982,3587,5
58982,3588,5
58982,3589,4
58982,3590,4
58982,3591,4
58982,3592,5
58982,3593,3
58982,3594,3
58982,3595,4
58982,3596,6
58982,3597,4
58982,3598,4
58982,3599,2
58982,3600,3
58982,3601,6
58982,3602,6
58982,3603,5
58982,3604,5
58982,3605,6
58982,3606,6
58982,3607,6
58982,3608,6
58982,3609,5
58982,3610,5
58982,3611,4
58982,3612,4
58982,3613,4
58982,3614,2
58982,3615,6
58982,3616,4
58982,3617,2
58982,3618,4
58982,3619,4
58982,3620,3
58982,3621,3
58982,3622,3
58982,3623,5
58982,3624,3
58982,3625,3
58982,3626,6
58982,3627,4
58982,3628,4
58982,3629,3
58982,3630,5
58982,3631,4
58982,3632,2
58982,3633,6
58982,3634,5
58982,3635,3
58982,3636,3
58982,3637,6
58982,3638,2
58982,3639,3
58982,3640,5
58982,3641,3
58982,3642,5
58982,3643,6
58982,3644,4
58982,3645,5
58982,3646,6
58982,3647,3
58982,3648,4
58982,3649,5
58982,3650,5
58982,3651,2
58982,3652,3
58982,3653,5
58982,3654,3
58982,3655,5
58982,3656,3
58982,3657,5
58982,3658,2
58982,3659,4
58982,3660,4
58982,3661,3
58982,3662,5
58982,3663,4
58982,3664,5
58982,3665,6
58982,3666,3
58982,3667,4
58982,3668,4
58982,3669,5
58982,3670,4
58982,3671,4
58982,3672,6
58982,3673,2
58982,3674,3
58982,3675,6
58982,3676,6
58982,3677,2
58982,3678,5
58982,3679,5
58982,3680,4
58982,3681,5
58982,3682,3
58982,3683,6
58982,3684,3
58982,3685,5
58982,3686,6
58982,3687,6
58982,3688,4
58982,3689,4
58982,3690,4
58982,3691,3
58982,3692,3
58982,3693,5
58982,3694,4
58982,3695,3
58982,3696,3
58982,3697,5
58982,3698,4
58982,3699,3
58982,3700,3
58982,3701,6
58982,3702,6
58982,3703,3
58982,3704,3
58982,3705,6
58982,3706,5
58982,3707,6
58982,3708,4
58982,3709,6
58982,3710,6
58982,3711,3
58982,3712,3
58982,3713,3
58982,3714,5
58982,3715,5
58982,3716,5
58982,3717,6
58982,3718,5
58982,3719,3
58982,3720,6
58982,3721,3
58982,3722,5
58982,3723,3
58982,3724,2
58982,3725,2
58982,3726,2
58982,3727,5
58982,3728,3
58982,3729,5
58982,3730,2
58982,3731,4
58982,3732,6
58982,3733,3
58982,3734,4
58982,3735,5
58982,3736,4
58982,3737,6
58982,3738,6
58982,3739,3
58982,3740,5
58982,3741,3
58982,3742,3
58982,3743,4
58982,3744,3
58982,3745,3
58982,3746,2
58982,3747,4
58982,3748,6
58982,3749,5
58982,3750,5
58982,3751,6
58982,3752,4
58982,3753,6
58982,3754,5
58982,3755,2
58982,3756,5
58982,3757,5
58982,3758,5
58982,3759,4
58982,3760,5
58982,3761,3
58982,3762,6
58982,3763,5
58982,3764,4
58982,3765,6
58982,3766,5
58982,3767,5
58982,3768,3
58982,3769,5
58982,3770,2
58982,3771,6
58982,3772,4
58982,3773,5
58982,3774,5
58982,3775,6
58982,3776,5
58982,3777,6
58982,3778,4
58982,3779,3
58982,3780,4
58982,3781,3
58982,3782,3
58982,3783,6
58982,3784,6
58982,3785,3
58982,3786,3
58982,3787,4
58982,3788,4
58982,3789,5
58982,3790,4
58982,3791,4
58982,3792,3
58982,3793,5
58982,3794,5
58982,3795,3
58982,3796,4
58982,3797,4
58982,3798,6
58982,3799,2
58982,3800,4
58982,3801,2
58982,3802,4
58982,3803,3
58982,3804,3
58982,3805,2
58982,3806,3
58982,3807,6
58982,3808,6
58982,3809,3
58982,3810,5
58982,3811,3
58982,3812,4
58982,3813,6
58982,3814,2
58982,3815,3
58982,3816,3
58982,3817,6
58982,3818,6
58982,3819,4
58982,3820,3
58982,3821,6
58982,3822,3
58982,3823,6
58982,3824,4
58982,3825,4
58982,3826,4
58982,3827,5
58982,3828,4
58982,3829,4
58982,3830,4
58982,3831,3
58982,3832,6
58982,3833,4
58982,3834,4
58982,3835,2
58982,3836,4
58982,3837,4
58982,3838,6
58982,3839,2
58982,3840,6
58982,3841,6
58982,3842,5
58982,3843,4
58982,3844,4
58982,3845,4
58982,3846,5
58982,3847,4
58982,3848,5
58982,3849,6
58982,3850,3
58982,3851,3
58982,3852,5
58982,3853,2
58982,3854,4
58982,3855,5
58982,3856,5
58982,3857,5
58982,3858,6
58982,3859,3
58982,3860,4
58982,3861,5
58982,3862,3
58982,3863,3
58982,3864,4
58982,3865,3
58982,3866,5
58982,3867,5
58982,3868,6
58982,3869,2
58982,3870,5
58982,3871,4
58982,3872,3
58982,3873,5
58982,3874,5
58982,3875,5
58982,3876,3
58982,3877,5
58982,3878,4
58982,3879,5
58982,3880,3
58982,3881,6
58982,3882,3
58982,3883,6
58982,3884,6
58982,3885,2
58982,3886,3
58982,3887,5
58982,3888,6
58982,3889,5
58982,3890,4
58982,3891,4
58982,3892,3
58982,3893,5
58982,3894,4
58982,3895,4
58982,3896,5
58982,3897,4
58982,3898,5
58982,3899,4
58982,3900,6
58982,3901,5
58982,3902,4
58982,3903,3
58982,3904,3
58982,3905,2
58982,3906,6
58982,3907,3
58982,3908,3
58982,3909,6
58982,3910,4
58982,3911,5
58982,3912,6
58982,3913,3
58982,3914,3
58982,3915,6
58982,3916,6
58982,3917,3
58982,3918,6
58982,3919,5
58982,3920,3
58982,3921,2
58982,3922,2
58982,3923,5
58982,3924,6
58982,3925,6
58982,3926,5
58982,3927,3
58982,3928,5
58982,3929,2
58982,3930,3
58982,3931,3
58982,3932,4
58982,3933,4
58982,3934,5
58982,3935,4
58982,3936,5
58982,3937,5
58982,3938,3
58982,3939,6
58982,3940,3
58982,3941,3
58982,3942,2
58982,3943,6
58982,3944,5
58982,3945,6
58982,3946,5
58982,3947,4
58982,3948,5
58982,3949,2
58982,3950,4
58982,3951,3
58982,3952,5
58982,3953,4
58982,3954,6
58982,3955,4
58982,3956,3
58982,3957,5
58982,3958,6
58982,3959,5
58982,3960,4
58982,3961,5
58982,3962,3
58982,3963,3
58982,3964,6
58982,3965,6
58982,3966,3
58982,3967,6
58982,3968,5
58982,3969,6
58982,3970,5
58982,3971,3
58982,3972,5
58982,3973,5
58982,3974,2
58982,3975,5
58982,3976,5
58982,3977,6
58982,3978,3
58982,3979,4
58982,3980,3
58982,3981,5
58982,3982,4
58982,3983,3
58982,3984,6
58982,3985,5
58982,3986,4
58982,3987,6
58982,3988,3
58982,3989,4
58982,3990,4
58982,3991,3
58982,3992,3
58982,3993,4
58982,3994,6
58982,3995,4
58982,3996,2
58982,3997,3
58982,3998,2
58982,3999,3
58982,4000,5
58982,4001,4
58982,4002,3
58982,4003,5
58982,4004,6
58982,4005,4
58982,4006,6
58982,4007,5
58982,4008,4
58982,4009,6
58982,4010,3
58982,4011,2
58982,4012,3
58982,4013,2
58982,4014,4
58982,4015,4
58982,4016,3
58982,4017,3
58982,4018,2
58982,4019,3
58982,4020,5
58982,4021,6
58982,4022,4
58982,4023,3
58982,4024,4
58982,4025,2
58982,4026,6
58982,4027,2
58982,4028,4
58982,4029,3
58982,4030,3
58982,4031,5
58982,4032,2
58982,4033,5
58982,4034,3
58982,4035,3
58982,4036,3
58982,4037,6
58982,4038,4
58982,4039,5
58982,4040,6
58982,4041,2
58982,4042,4
58982,4043,3
58982,4044,4
58982,4045,5
58982,4046,4
58982,4047,6
58982,4048,5
58982,4049,5
58982,4050,5
58982,4051,4
58982,4052,4
58982,4053,5
58982,4054,2
58982,4055,5
58982,4056,4
58982,4057,2
58982,4058,3
58982,4059,5
58982,4060,5
58982,4061,6
58982,4062,5
58982,4063,6
58982,4064,3
58982,4065,3
58982,4066,2
58982,4067,5
58982,4068,3
58982,4069,4
58982,4070,4
58982,4071,4
58982,4072,5
58982,4073,3
58982,4074,4
58982,4075,3
58982,4076,2
58982,4077,6
58982,4078,4
58982,4079,2
58982,4080,3
58982,4081,5
58982,4082,3
58982,4083,5
58982,4084,6
58982,4085,2
58982,4086,6
58982,4087,6
58982,4088,5
58982,4089,4
58982,4090,6
58982,4091,5
58982,4092,4
58982,4093,5
58982,4094,6
58982,4095,4
58982,4096,2
58982,4097,3
58982,4098,5
58982,4099,4
58982,4100,4
58982,4101,4
58982,4102,4
58982,4103,3
58982,4104,3
58982,4105,5
58982,4106,6
58982,4107,4
58982,4108,5
58982,4109,6
58982,4110,6
58982,4111,2
58982,4112,6
58982,4113,2
58982,4114,6
58982,4115,3
58982,4116,5
58982,4117,6
58982,4118,4
58982,4119,5
58982,4120,5
58982,4121,4
58982,4122,6
58982,4123,2
58982,4124,3
58982,4125,4
58982,4126,4
58982,4127,3
58982,4128,5
58982,4129,5
58982,4130,5
58982,4131,2
58982,4132,4
58982,4133,5
58982,4134,3
58982,4135,5
58982,4136,6
58982,4137,5
58982,4138,6
58982,4139,6
58982,4140,3
58982,4141,2
58982,4142,2
58982,4143,6
58982,4144,5
58982,4145,2
58982,4146,4
58982,4147,4
58982,4148,6
58982,4149,3
58982,4150,5
58982,4151,6
58982,4152,4
58982,4153,4
58982,4154,2
58982,4155,5
58982,4156,5
58982,4157,6
58982,4158,3
58982,4159,3
58982,4160,6
58982,4161,3
58982,4162,6
58982,4163,5
58982,4164,5
58982,4165,5
58982,4166,4
58982,4167,5
58982,4168,5
58982,4169,3
58982,4170,6
58982,4171,4
58982,4172,6
58982,4173,2
58982,4174,6
58982,4175,3
58982,4176,5
58982,4177,5
58982,4178,4
58982,4179,6
58982,4180,5
58982,4181,6
58982,4182,5
58982,4183,4
58982,4184,5
58982,4185,5
58982,4186,5
58982,4187,6
58982,4188,6
58982,4189,4
58982,4190,3
58982,4191,6
58982,4192,4
58982,4193,5
58982,4194,5
58982,4195,3
58982,4196,4
58982,4197,5
58982,4198,3
58982,4199,4
58982,4200,2
58982,4201,4
58982,4202,5
58982,4203,6
58982,4204,3
58982,4205,4
58982,4206,2
58982,4207,3
58982,4208,3
58982,4209,4
58982,4210,6
58982,4211,5
58982,4212,6
58982,4213,4
58982,4214,5
58982,4215,4
58982,4216,3
58982,4217,4
58982,4218,3
58982,4219,6
58982,4220,6
58982,4221,6
58982,4222,5
58982,4223,3
58982,4224,3
58982,4225,3
58982,4226,2
58982,4227,6
58982,4228,6
58982,4229,6
58982,4230,5
58982,4231,6
58982,4232,6
58982,4233,2
58982,4234,3
58982,4235,6
58982,4236,6
58982,4237,4
58982,4238,3
58982,4239,3
58982,4240,5
58982,4241,5
58982,4242,4
58982,4243,5
58982,4244,6
58982,4245,5
58982,4246,3
58982,4247,6
58982,4248,2
58982,4249,3
58982,4250,4
58982,4251,5
58982,4252,5
58982,4253,6
58982,4254,3
58982,4255,3
58982,4256,5
58982,4257,3
58982,4258,2
58982,4259,6
58982,4260,5
58982,4261,5
58982,4262,6
58982,4263,4
58982,4264,6
58982,4265,5
58982,4266,5
58982,4267,3
58982,4268,5
58982,4269,3
58982,4270,4
58982,4271,5
58982,4272,6
58982,4273,4
58982,4274,4
58982,4275,3
58982,4276,2
58982,4277,4
58982,4278,6
58982,4279,4
58982,4280,4
58982,4281,6
58982,4282,5
58982,4283,4
58982,4284,4
58982,4285,3
58982,4286,5
58982,4287,3
58982,4288,5
58982,4289,3
58982,4290,3
58982,4291,4
58982,4292,3
58982,4293,3
58982,4294,3
58982,4295,5
58982,4296,5
58982,4297,4
58982,4298,4
58982,4299,5
58982,4300,3
58982,4301,4
58982,4302,6
58982,4303,5
58982,4304,4
58982,4305,4
58982,4306,3
58982,4307,4
58982,4308,4
58982,4309,5
58982,4310,4
58982,4311,3
58982,4312,3
58982,4313,4
58982,4314,3
58982,4315,4
58982,4316,5
58982,4317,6
58982,4318,3
58982,4319,3
58982,4320,5
58982,4321,4
58982,4322,4
58982,4323,6
58982,4324,3
58982,4325,2
58982,4326,5
58982,4327,3
58982,4328,5
58982,4329,2
58982,4330,4
58982,4331,6
58982,4332,5
58982,4333,5
58982,4334,6
58982,4335,6
58982,4336,6
58982,4337,5
58982,4338,5
58982,4339,2
58982,4340,3
58982,4341,5
58982,4342,6
58982,4343,6
58982,4344,5
58982,4345,6
58982,4346,4
58982,4347,6
58982,4348,3
58982,4349,5
58982,4350,2
58982,4351,6
58982,4352,4
58982,4353,2
58982,4354,6
58982,4355,4
58982,4356,2
58982,4357,5
58982,4358,5
58982,4359,2
58982,4360,6
58982,4361,4
58982,4362,6
58982,4363,2
58982,4364,3
58982,4365,6
58982,4366,6
58982,4367,4
58982,4368,4
58982,4369,4
58982,4370,5
58982,4371,3
58982,4372,5
58982,4373,6
58982,4374,3
58982,4375,4
58982,4376,4
58982,4377,4
58982,4378,5
58982,4379,3
58982,4380,3
58982,4381,3
58982,4382,5
58982,4383,3
58982,4384,3
58982,4385,3
58982,4386,3
58982,4387,4
58982,4388,6
58982,4389,5
58982,4390,6
58982,4391,4
58982,4392,5
58982,4393,3
58982,4394,5
58982,4395,4
58982,4396,3
58982,4397,4
58982,4398,4
58982,4399,6
58982,4400,6
58982,4401,6
58982,4402,4
58982,4403,6
58982,4404,4
58982,4405,3
58982,4406,5
58982,4407,3
58982,4408,2
58982,4409,5
58982,4410,3
58982,4411,3
58982,4412,5
58982,4413,5
58982,4414,5
58982,4415,5
58982,4416,6
58982,4417,6
58982,4418,3
58982,4419,3
58982,4420,6
58982,4421,2
58982,4422,5
58982,4423,5
58982,4424,3
58982,4425,6
58982,4426,4
58982,4427,2
58982,4428,5
58982,4429,3
58982,4430,6
58982,4431,3
58982,4432,2
58982,4433,2
58982,4434,2
58982,4435,6
58982,4436,5
58982,4437,5
58982,4438,6
58982,4439,4
58982,4440,4
58982,4441,3
58982,4442,4
58982,4443,6
58982,4444,6
58982,4445,5
58982,4446,5
58982,4447,6
58982,4448,6
58982,4449,5
58982,4450,4
58982,4451,5
58982,4452,5
58982,4453,4
58982,4454,6
58982,4455,3
58982,4456,6
58982,4457,3
58982,4458,6
58982,4459,2
58982,4460,6
58982,4461,6
58982,4462,5
58982,4463,4
58982,4464,3
58982,4465,3
58982,4466,5
58982,4467,4
58982,4468,6
58982,4469,6
58982,4470,5
58982,4471,3
58982,4472,3
58982,4473,4
58982,4474,6
58982,4475,4
58982,4476,6
58982,4477,5
58982,4478,4
58982,4479,5
58982,4480,3
58982,4481,6
58982,4482,4
58982,4483,5
58982,4484,3
58982,4485,6
58982,4486,4
58982,4487,2
58982,4488,6
58982,4489,6
58982,4490,5
58982,4491,3
58982,4492,5
58982,4493,4
58982,4494,5
58982,4495,4
58982,4496,2
58982,4497,6
58982,4498,6
58982,4499,4
58982,4500,3
58982,4501,6
58982,4502,3
58982,4503,3
58982,4504,4
58982,4505,3
58982,4506,6
58982,4507,5
58982,4508,6
58982,4509,6
58982,4510,4
58982,4511,4
58982,4512,3
58982,4513,3
58982,4514,3
58982,4515,6
58982,4516,6
58982,4517,6
58982,4518,3
58982,4519,6
58982,4520,6
58982,4521,5
58982,4522,3
58982,4523,5
58982,4524,4
58982,4525,6
58982,4526,4
58982,4527,6
58982,4528,2
58982,4529,5
58982,4530,3
58982,4531,4
58982,4532,3
58982,4533,4
58982,4534,6
58982,4535,2
58982,4536,3
58982,4537,3
58982,4538,2
58982,4539,5
58982,4540,2
58982,4541,4
58982,4542,4
58982,4543,3
58982,4544,5
58982,4545,3
58982,4546,6
58982,4547,4
58982,4548,3
58982,4549,3
58982,4550,4
58982,4551,4
58982,4552,4
58982,4553,4
58982,4554,6
58982,4555,4
58982,4556,3
58982,4557,4
58982,4558,4
58982,4559,5
58982,4560,3
58982,4561,4
58982,4562,6
58982,4563,3
58982,4564,5
58982,4565,5
58982,4566,5
58982,4567,6
58982,4568,3
58982,4569,4
58982,4570,6
58982,4571,6
58982,4572,5
58982,4573,4
58982,4574,3
58982,4575,3
58982,4576,6
58982,4577,6
58982,4578,6
58982,4579,6
58982,4580,5
58982,4581,2
58982,4582,4
58982,4583,3
58982,4584,2
58982,4585,4
58982,4586,5
58982,4587,3
58982,4588,3
58982,4589,5
58982,4590,6
58982,4591,5
58982,4592,4
58982,4593,5
58982,4594,3
58982,4595,5
58982,4596,5
58982,4597,4
58982,4598,6
58982,4599,5
58982,4600,6
58982,4601,5
58982,4602,5
58982,4603,4
58982,4604,3
58982,4605,6
58982,4606,3
58982,4607,6
58982,4608,5
58982,4609,6
58982,4610,5
58982,4611,5
58982,4612,6
58982,4613,3
58982,4614,6
58982,4615,5
58982,4616,5
58982,4617,3
58982,4618,4
58982,4619,3
58982,4620,2
58982,4621,6
58982,4622,5
58982,4623,4
58982,4624,6
58982,4625,6
58982,4626,4
58982,4627,3
58982,4628,6
58982,4629,5
58982,4630,4
58982,4631,4
58982,4632,4
58982,4633,6
58982,4634,3
58982,4635,6
58982,4636,6
58982,4637,5
58982,4638,6
58982,4639,5
58982,4640,3
58982,4641,3
58982,4642,2
58982,4643,6
58982,4644,5
58982,4645,4
58982,4646,6
58982,4647,4
58982,4648,6
58982,4649,4
58982,4650,4
58982,4651,5
58982,4652,6
58982,4653,5
58982,4654,4
58982,4655,5
58982,4656,3
58982,4657,4
58982,4658,4
58982,4659,5
58982,4660,3
58982,4661,6
58982,4662,3
58982,4663,6
58982,4664,2
58982,4665,3
58982,4666,4
58982,4667,3
58982,4668,6
58982,4669,5
58982,4670,3
58982,4671,2
58982,4672,6
58982,4673,5
58982,4674,6
58982,4675,4
58982,4676,5
58982,4677,4
58982,4678,5
58982,4679,3
58982,4680,3
58982,4681,3
58982,4682,6
58982,4683,4
58982,4684,3
58982,4685,5
58982,4686,3
58982,4687,5
58982,4688,6
58982,4689,2
58982,4690,4
58982,4691,5
58982,4692,3
58982,4693,3
58982,4694,2
58982,4695,2
58982,4696,5
58982,4697,5
58982,4698,5
58982,4699,5
58982,4700,6
58982,4701,5
58982,4702,3
58982,4703,4
58982,4704,2
58982,4705,2
58982,4706,5
58982,4707,6
58982,4708,6
58982,4709,3
58982,4710,6
58982,4711,5
58982,4712,6
58982,4713,4
58982,4714,4
58982,4715,6
58982,4716,5
58982,4717,6
58982,4718,3
58982,4719,4
58982,4720,4
58982,4721,6
58982,4722,6
58982,4723,6
58982,4724,4
58982,4725,4
58982,4726,4
58982,4727,5
58982,4728,4
58982,4729,3
58982,4730,4
58982,4731,2
58982,4732,6
58982,4733,4
58982,4734,4
58982,4735,2
58982,4736,5
58982,4737,5
58982,4738,5
58982,4739,4
58982,4740,3
58982,4741,6
58982,4742,3
58982,4743,2
58982,4744,3
58982,4745,6
58982,4746,6
58982,4747,4
58982,4748,6
58982,4749,5
58982,4750,6
58982,4751,5
58982,4752,2
58982,4753,4
58982,4754,6
58982,4755,5
58982,4756,4
58982,4757,6
58982,4758,4
58982,4759,4
58982,4760,3
58982,4761,4
58982,4762,6
58982,4763,3
58982,4764,5
58982,4765,6
58982,4766,2
58982,4767,5
58982,4768,3
58982,4769,5
58982,4770,3
58982,4771,4
58982,4772,5
58982,4773,5
58982,4774,2
58982,4775,4
58982,4776,4
58982,4777,5
58982,4778,6
58982,4779,5
58982,4780,3
58982,4781,2
58982,4782,6
58982,4783,4
58982,4784,4
58982,4785,3
58982,4786,3
58982,4787,3
58982,4788,5
58982,4789,4
58982,4790,4
58982,4791,6
58982,4792,4
58982,4793,3
58982,4794,4
58982,4795,5
58982,4796,4
58982,4797,3
58982,4798,3
58982,4799,3
58982,4800,6
58982,4801,4
58982,4802,6
58982,4803,5
58982,4804,4
58982,4805,4
58982,4806,2
58982,4807,3
58982,4808,4
58982,4809,5
58982,4810,6
58982,4811,3
58982,4812,5
58982,4813,4
58982,4814,3
58982,4815,5
58982,4816,2
58982,4817,5
58982,4818,6
58982,4819,6
58982,4820,6
58982,4821,4
58982,4822,6
58982,4823,5
58982,4824,4
58982,4825,6
58982,4826,4
58982,4827,6
58982,4828,3
58982,4829,4
58982,4830,5
58982,4831,4
58982,4832,6
58982,4833,3
58982,4834,3
58982,4835,5
58982,4836,3
58982,4837,3
58982,4838,6
58982,4839,5
58982,4840,6
58982,4841,6
58982,4842,5
58982,4843,4
58982,4844,3
58982,4845,6
58982,4846,6
58982,4847,5
58982,4848,6
58982,4849,4
58982,4850,4
58982,4851,2
58982,4852,5
58982,4853,5
58982,4854,3
58982,4855,4
58982,4856,6
58982,4857,3
58982,4858,2
58982,4859,3
58982,4860,5
58982,4861,6
58982,4862,4
58982,4863,2
58982,4864,5
58982,4865,4
58982,4866,5
58982,4867,3
58982,4868,4
58982,4869,5
58982,4870,5
58982,4871,6
58982,4872,4
58982,4873,6
58982,4874,4
58982,4875,3
58982,4876,5
58982,4877,5
58982,4878,6
58982,4879,5
58982,4880,3
58982,4881,5
58982,4882,4
58982,4883,6
58982,4884,5
58982,4885,3
58982,4886,4
58982,4887,4
58982,4888,5
58982,4889,6
58982,4890,6
58982,4891,6
58982,4892,3
58982,4893,3
58982,4894,2
58982,4895,2
58982,4896,3
58982,4897,3
58982,4898,2
58982,4899,2
58982,4900,4
58982,4901,4
58982,4902,4
58982,4903,4
58982,4904,3
58982,4905,6
58982,4906,4
58982,4907,5
58982,4908,5
58982,4909,6
58982,4910,4
58982,4911,2
58982,4912,3
58982,4913,4
58982,4914,5
58982,4915,3
58982,4916,5
58982,4917,4
58982,4918,6
58982,4919,4
58982,4920,4
58982,4921,2
58982,4922,5
58982,4923,4
58982,4924,5
58982,4925,6
58982,4926,2
58982,4927,5
58982,4928,4
58982,4929,3
58982,4930,3
58982,4931,3
58982,4932,3
58982,4933,5
58982,4934,6
58982,4935,5
58982,4936,5
58982,4937,6
58982,4938,5
58982,4939,3
58982,4940,5
58982,4941,3
58982,4942,6
58982,4943,4
58982,4944,5
58982,4945,3
58982,4946,4
58982,4947,4
58982,4948,2
58982,4949,3
58982,4950,2
58982,4951,5
58982,4952,5
58982,4953,3
58982,4954,4
58982,4955,2
58982,4956,4
58982,4957,3
58982,4958,6
58982,4959,5
58982,4960,4
58982,4961,4
58982,4962,4
58982,4963,6
58982,4964,4
58982,4965,5
58982,4966,6
58982,4967,3
58982,4968,2
58982,4969,3
58982,4970,4
58982,4971,3
58982,4972,3
58982,4973,6
58982,4974,5
58982,4975,6
58982,4976,6
58982,4977,4
58982,4978,6
58982,4979,6
58982,4980,2
58982,4981,3
58982,4982,5
58982,4983,4
58982,4984,4
58982,4985,4
58982,4986,3
58982,4987,4
58982,4988,4
58982,4989,2
58982,4990,6
58982,4991,5
58982,4992,5
58982,4993,4
58982,4994,6
58982,4995,4
58982,4996,3
58982,4997,4
58982,4998,5
58982,4999,3
58982,5000,6
58982,5001,4
58982,5002,3
58982,5003,6
58982,5004,3
58982,5005,5
58982,5006,6
58982,5007,4
58982,5008,6
58982,5009,5
58982,5010,6
58982,5011,6
58982,5012,3
58982,5013,3
58982,5014,5
58982,5015,2
58982,5016,5
58982,5017,5
58982,5018,5
58982,5019,5
58982,5020,4
58982,5021,4
58982,5022,2
58982,5023,6
58982,5024,3
58982,5025,4
58982,5026,6
58982,5027,6
58982,5028,2
58982,5029,6
58982,5030,3
58982,5031,2
58982,5032,6
58982,5033,3
58982,5034,5
58982,5035,4
58982,5036,4
58982,5037,6
58982,5038,2
58982,5039,6
58982,5040,4
58982,5041,5
58982,5042,4
58982,5043,4
58982,5044,3
58982,5045,2
58982,5046,6
58982,5047,4
58982,5048,3
58982,5049,3
58982,5050,5
58982,5051,3
58982,5052,5
58982,5053,3
58982,5054,4
58982,5055,4
58982,5056,3
58982,5057,6
58982,5058,6
58982,5059,5
58982,5060,5
58982,5061,2
58982,5062,3
58982,5063,3
58982,5064,128
58982,5072,5
58982,5077,4
58982,5078,5
58982,5081,6
58982,5085,6
58982,5088,3
58982,5090,6
58982,5091,5
58982,5093,3
58982,5095,4
58982,5096,4
58982,5099,5
58982,5100,5
58982,5101,6
58982,5104,4
58982,5105,3
58982,5106,4
58982,5107,6
58982,5108,6
58982,5109,2
58982,5110,3
58982,5111,4
58982,5115,3
58982,5118,3
58982,5125,3
58982,5126,6
58982,5129,4
58982,5130,3
58982,5135,3
58982,5141,6
58982,5145,3
58982,5146,5
58982,5147,2
58982,5148,3
58982,5149,4
58982,5153,2
58982,5154,3
58982,5155,3
58982,5157,4
58982,5158,5
58982,5159,3
58982,5160,2
58982,5161,3
58982,5162,4
58982,5163,6
58982,5164,6
58982,5165,6
58982,5166,5
58982,5167,2
58982,5168,6
58982,5169,4
58982,5170,4
58982,5171,2
58982,5172,6
58982,5173,6
58982,5175,6
58982,5177,4
58982,5178,4
58982,5179,4
58982,5181,3
58982,5184,6
58982,5185,4
58982,5187,3
58982,5188,5
58982,5189,4
58982,5190,6
58982,5191,3
58982,5194,5
58982,5197,6
58982,5210,6
58982,5213,2
58982,5215,4
58982,5221,3
58982,5222,5
58982,5223,3
58982,5226,5
58982,5236,6
58982,5238,4
58982,5239,5
58982,5248,5
58982,5249,3
58982,5250,4
58982,5251,6
58982,5256,6
58982,5257,6
58982,5259,3
58982,5263,2
58982,5264,5
58982,5268,3
58982,5269,5
58982,5270,2
58982,5271,2
58982,5272,4
58982,5273,5
58982,5274,5
58982,5277,6
58982,5278,5
58982,5281,6
58982,5283,6
58982,5286,4
58982,5287,5
58982,5291,6
58982,5296,6
58982,5298,4
58982,5300,4
58982,5307,6
58982,5314,4
58982,5321,3
58982,5323,6
58982,5328,4
58982,5330,5
58982,5336,3
58982,5338,2
58982,5340,6
58982,5350,6
58982,5351,3
58982,5352,5
58982,5353,2
58982,5354,5
58982,5355,2
58982,5356,5
58982,5357,6
58982,5359,5
58982,5360,6
58982,5361,5
58982,5362,3
58982,5363,2
58982,5366,5
58982,5368,3
58982,5372,5
58982,5373,4
58982,5374,2
58982,5381,3
58982,5382,4
58982,5388,4
58982,5389,3
58982,5390,6
58982,5392,4
58982,5396,4
58982,5397,5
58982,5403,3
58982,5404,4
58982,5406,5
58982,5409,3
58982,5411,3
58982,5412,4
58982,5415,6
58982,5423,6
58982,5425,5
58982,5427,3
58982,5431,6
58982,5432,4
58982,5446,4
58982,5451,2
58982,5465,4
58982,5470,5
58982,5480,3
58982,5482,3
58982,5483,5
58982,5491,3
58982,5493,6
58982,5499,2
58982,5500,3
58982,5502,3
58982,5503,5
58982,5505,3
58982,5514,4
58982,5520,5
58982,5521,5
58982,5522,4
58982,5523,5
58982,5536,2
58982,5537,6
58982,5538,5
58982,5539,3
58982,5540,4
58982,5541,6
58982,5542,4
58982,5543,3
58982,5551,6
58982,5552,2
58982,5553,3
58982,5568,5
58982,5569,4
58982,5570,3
58982,5571,5
58982,5576,3
58982,5584,3
58982,5586,4
58982,5598,6
58982,5601,3
58982,5609,4
58982,5617,6
58982,5618,5
58982,5619,3
58982,5622,4
58982,5626,4
58982,5627,4
58982,5628,2
58982,5629,5
58982,5635,3
58982,5637,6
58982,5638,6
58982,5646,5
58982,5651,4
58982,5655,5
58982,5656,5
58982,5664,6
58982,5671,3
58982,5672,4
58982,5683,3
58982,5686,5
58982,5693,5
58982,5694,4
58982,5696,3
58982,5700,3
58982,5707,6
58982,5716,2
58982,5718,4
58982,5719,5
58982,5730,4
58982,5731,2
58982,5736,4
58982,5737,3
58982,5738,5
58982,5740,6
58982,5742,3
58982,5746,3
58982,5747,2
58982,5749,4
58982,5751,2
58982,5754,6
58982,5763,3
58982,5765,4
58982,5766,6
58982,5778,6
58982,5779,3
58982,5780,4
58982,5781,3
58982,5783,6
58982,5797,3
58982,5798,2
58982,5813,4
58982,5818,4
58982,5819,4
58982,5823,4
58982,5824,5
58982,5831,6
58982,5834,5
58982,5842,2
58982,5843,4
58982,5848,6
58982,5852,4
58982,5853,6
58982,5854,4
58982,5859,6
58982,5861,6
58982,5864,4
58982,5865,3
58982,5872,5
58982,5873,6
58982,5878,3
58982,5882,4
58982,5892,3
58982,5893,6
58982,5908,3
58982,5910,4
58982,5935,4
58982,5942,4
58982,5978,3
58982,5980,4
58982,5982,2
58982,5993,5
58982,5996,6
58982,5997,6
58982,6000,5
58982,6013,6
58982,6020,4
58982,6022,5
58982,6024,3
58982,6028,4
58982,6036,6
58982,6038,4
58982,6039,5
58982,6040,6
58982,6043,5
58982,6051,6
58982,6059,4
58982,6063,5
58982,6069,4
58982,6070,6
58982,6071,6
58982,6074,2
58982,6091,4
58982,6099,2
58982,6100,2
58982,6101,3
58982,6102,5
58982,6104,5
58982,6112,5
58982,6119,6
58982,6122,3
58982,6127,4
58982,6128,3
58982,6133,3
58982,6135,5
58982,6136,4
58982,6151,4
58982,6161,3
58982,6163,5
58982,6171,3
58982,6173,5
58982,6177,6
58982,6182,6
58982,6183,5
58982,6185,3
58982,6186,3
58982,6187,4
58982,6188,5
58982,6193,5
58982,6206,4
58982,6214,5
58982,6217,3
58982,6228,5
58982,6229,3
58982,6232,4
58982,6245,5
58982,6255,5
58982,6257,4
58982,6265,3
58982,6271,3
58982,6274,4
58982,6275,2
58982,6279,2
58982,6281,2
58982,6283,4
58982,6288,4
58982,6290,6
58982,6298,4
58982,6306,3
58982,6323,2
58982,6329,5
58982,6334,3
58982,6335,4
58982,6336,4
58982,6337,3
58982,6355,4
58982,6360,3
58982,6365,4
58982,6370,3
58982,6371,6
58982,6386,2
58982,6392,2
58982,6405,4
58982,6413,4
58982,6417,6
58982,6425,3
58982,6427,3
58982,6436,3
58982,6447,2
58982,6462,5
58982,6463,3
58982,6465,6
58982,6506,4
58982,6515,6
58982,6521,5
58982,6530,5
58982,6544,3
58982,6546,4
58982,6547,4
58982,6551,4
58982,6554,3
58982,6561,5
58982,6595,6
58982,6599,3
58982,6603,4
58982,6626,3
58982,6657,5
58982,6659,2
58982,6660,4
58982,6662,6
58982,6663,5
58982,6668,4
58982,6683,2
58982,6691,2
58982,6699,5
58982,6701,3
58982,6733,4
58982,6740,3
58982,6755,4
58982,6759,5
58982,6760,4
58982,6764,4
58982,6774,3
58982,6780,2
58982,6801,5
58982,6802,5
58982,6803,6
58982,6829,4
58982,6830,5
58982,6831,3
58982,6832,2
58982,6848,5
58982,6849,5
58982,6859,5
58982,6896,3
58982,6909,4
58982,6929,3
58982,6947,4
58982,6951,6
58982,6970,4
58982,6987,3
58982,7018,4
58982,7022,5
58982,7026,6
58982,7035,5
58982,7048,5
58982,7076,4
58982,7083,5
58982,7109,3
58982,7113,6
58982,7115,2
58982,7119,6
58982,7126,6
58982,7172,6
58982,7196,6
58982,7217,3
58982,7218,4
58982,7241,5
58982,7310,5
58982,7321,6
58982,7328,4
58982,7329,3
58982,7330,3
58982,7331,2
58982,7354,4
58982,7357,3
58982,7394,3
58982,7427,2
58982,7447,4
58982,7451,5
58982,7464,2
58982,7477,2
58982,7484,3
58982,7485,3
58982,7486,4
58982,7491,3
58982,7536,3
58982,7543,6
58982,7551,2
58982,7558,6
58982,7564,4
58982,7612,6
58982,7614,3
58982,7646,5
58982,7648,3
58982,7669,6
58982,7700,4
58982,7711,3
58982,7724,3
58982,7744,6
58982,7797,4
58982,7819,4
58982,7846,2
58982,7864,6
58982,7876,4
58982,7894,4
58982,7913,6
58982,7958,6
58982,7972,4
58982,8074,5
58982,8326,4
58982,8328,3
58982,8345,4
58982,8413,4
58982,8484,3
58982,8722,4
58982,8746,3
58982,8873,5
58982,8885,4
58982,8923,5
58982,9114,1
58982,9204,4
58982,9416,5
58982,9572,1
58982,9809,1
58982,9987,1
58982,10557,1
58982,10926,1
58982,11169,1
58982,11259,1
58982,11311,1
58982,11574,1
58982,11634,1
58982,11716,1
58982,11753,1
58982,11778,1
58982,11928,1
58982,11947,1
58982,12141,1
58982,12167,1
58982,12505,1
58982,12784,1
58982,12789,1
58982,12841,1
58982,12988,1
58982,12994,1
58982,13002,1
58982,13039,1
58982,13048,1
58982,13118,1
58982,13198,1
58982,13359,1
58982,13361,1
58982,13380,1
58982,13418,1
58982,13438,1
58982,13476,1
58982,13482,1
58982,13483,1
58982,13715,1
58982,13775,1
58982,13796,1
58982,13970,1
58982,14071,1
58982,14081,1
58982,14101,1
58982,14125,1
58982,14179,1
58982,14209,1
58982,14350,1
58982,14355,1
58982,14358,1
58982,14369,1
58982,14371,1
58982,14376,1
58982,14429,1
58982,14467,1
58982,14469,1
58982,14494,1
58982,14506,1
58982,14541,1
58982,14635,1
58982,14642,1
58982,14650,1
58982,14750,1
58982,14754,1
58982,14782,1
58982,14849,1
58982,14909,1
58982,14910,1
58982,14913,1
58982,14922,1
58982,14941,1
58982,14950,1
58982,14961,1
58982,14999,1
58982,15039,1
58982,15040,1
58982,15076,1
58982,15090,1
58982,15143,1
58982,15206,1
58982,15237,1
58982,15238,1
58982,15243,1
58982,15244,1
58982,15302,1
58982,15316,1
58982,15366,1
58982,15367,1
58982,15409,1
58982,15433,1
58982,15453,1
58982,15496,1
58982,15502,1
58982,15525,1
58982,15526,1
58982,15560,1
58982,15565,1
58982,15567,1
58982,15596,1
58982,15599,1
58982,15604,1
58982,15614,1
58982,15615,1
58982,15617,1
58982,15633,1
58982,15711,1
58982,15722,1
58982,15745,1
58982,15751,1
58982,15756,1
58982,15784,1
58982,15790,1
58982,15819,1
58982,15853,1
58982,15919,1
58982,15922,1
58982,15923,1
58982,15943,1
58982,15978,1
58982,15983,2
58982,16016,1
58982,16059,1
58982,16061,1
58982,16111,1
58982,16123,1
58982,16132,1
58982,16139,1
58982,16151,1
58982,16180,1
58982,16184,1
58982,16190,1
58982,16205,1
58982,16224,1
58982,16226,1
58982,16272,1
58982,16301,1
58982,16343,1
58982,16371,1
58982,16386,1
58982,16387,1
58982,16389,1
58982,16415,1
58982,16421,1
58982,16437,1
58982,16464,2
58982,16465,1
58982,16502,1
58982,16506,1
58982,16514,1
58982,16524,1
58982,16532,1
58982,16624,1
58982,16627,1
58982,16746,1
58982,16799,1
58982,16854,1
58982,16861,1
58982,16908,1
58982,16987,1
58982,16990,1
58982,17007,1
58982,17033,1
58982,17062,1
58982,17068,1
58982,17073,1
58982,17076,1
58982,17077,1
58982,17114,1
58982,17138,1
58982,17140,1
58982,17173,1
58982,17192,1
58982,17249,1
58982,17251,1
58982,17327,1
58982,17332,1
58982,17365,1
58982,17371,1
58982,17414,1
58982,17436,1
58982,17438,1
58982,17444,1
58982,17445,1
58982,17456,1
58982,17477,1
58982,17521,1
58982,17522,1
58982,17568,1
58982,17584,1
58982,17592,1
58982,17607,1
58982,17608,1
58982,17620,1
58982,17626,1
58982,17632,1
58982,17717,1
58982,17729,1
58982,17743,1
58982,17764,1
58982,17780,1
58982,17821,1
58982,17837,1
58982,17854,1
58982,17865,1
58982,17868,1
58982,17873,1
58982,17874,1
58982,17886,1
58982,17898,1
58982,17909,1
58982,17992,1
58982,18012,1
58982,18019,1
58982,18027,1
58982,18040,1
58982,18070,1
58982,18073,1
58982,18096,1
58982,18112,1
58982,18133,1
58982,18162,1
58982,18170,1
58982,18171,1
58982,18200,1
58982,18216,1
58982,18225,1
58982,18231,1
58982,18270,1
58982,18305,1
58982,18318,1
58982,18320,1
58982,18331,1
58982,18344,1
58982,18389,1
58982,18396,1
58982,18397,1
58982,18407,1
58982,18411,1
58982,18413,1
58982,18447,1
58982,18454,1
58982,18456,1
58982,18469,1
58982,18481,1
58982,18498,1
58982,18503,2
58982,18534,1
58982,18541,1
58982,18548,1
58982,18554,1
58982,18555,1
58982,18580,1
58982,18613,1
58982,18661,1
58982,18702,1
58982,18720,1
58982,18724,1
58982,18789,1
58982,18830,1
58982,18834,1
58982,18840,1
58982,18852,1
58982,18876,1
58982,18925,1
58982,18944,1
58982,19010,1
58982,19015,1
58982,19019,1
58982,19033,1
58982,19045,1
58982,19071,1
58982,19098,1
58982,19114,1
58982,19130,1
58982,19133,1
58982,19136,1
58982,19153,1
58982,19155,1
58982,19186,1
58982,19244,1
58982,19262,1
58982,19263,1
58982,19273,1
58982,19288,1
58982,19293,1
58982,19304,1
58982,19314,1
58982,19321,1
58982,19342,1
58982,19346,1
58982,19398,1
58982,19428,1
58982,19441,1
58982,19448,1
58982,19508,1
58982,19509,1
58982,19512,1
58982,19516,1
58982,19530,1
58982,19546,1
58982,19551,1
58982,19559,1
58982,19563,1
58982,19577,1
58982,19578,1
58982,19649,1
58982,19712,1
58982,19727,1
58982,19784,1
58982,19790,1
58982,19799,1
58982,19809,1
58982,19825,1
58982,19840,1
58982,19845,1
58982,19868,2
58982,19869,1
58982,19878,2
58982,19903,1
58982,19916,1
58982,19944,1
58982,19960,1
58982,19976,1
58982,19984,1
58982,19997,1
58982,20145,1
58982,20211,1
58982,20221,1
58982,20236,1
58982,20246,1
58982,20259,1
58982,20260,1
58982,20261,1
58982,20285,2
58982,20291,1
58982,20292,1
58982,20342,1
58982,20397,1
58982,20413,1
58982,20454,1
58982,20457,1
58982,20536,1
58982,20568,1
58982,20633,1
58982,20667,1
58982,20682,1
58982,20720,1
58982,20733,1
58982,20747,1
58982,20773,1
58982,20776,1
58982,20798,1
58982,20819,1
58982,20838,1
58982,20896,1
58982,20904,1
58982,20922,1
58982,20944,1
58982,20977,1
58982,21015,1
58982,21051,1
58982,21106,1
58982,21108,1
58982,21114,1
58982,21125,1
58982,21152,1
58982,21222,1
58982,21245,1
58982,21253,1
58982,21272,1
58982,21285,1
58982,21315,1
58982,21334,1
58982,21356,1
58982,21415,1
58982,21417,1
58982,21423,1
58982,21453,1
58982,21502,1
58982,21539,1
58982,21650,1
58982,21656,1
58982,21741,1
58982,21762,1
58982,21783,1
58982,21793,1
58982,21853,1
58982,21904,1
58982,21951,1
58982,21954,1
58982,21985,1
58982,22125,1
58982,22160,1
58982,22181,1
58982,22203,1
58982,22224,1
58982,22240,1
58982,22290,1
58982,22353,1
58982,22391,1
58982,22421,1
58982,22455,1
58982,22545,1
58982,22584,1
58982,22626,1
58982,22641,1
58982,22645,1
58982,22665,1
58982,22686,1
58982,22694,1
58982,22699,1
58982,22823,1
58982,22830,1
58982,22906,1
58982,22934,1
58982,22947,1
58982,23046,1
58982,23047,1
58982,23104,1
58982,23166,1
58982,23201,1
58982,23217,1
58982,23227,1
58982,23235,1
58982,23250,1
58982,23252,1
58982,23254,1
58982,23258,1
58982,23272,1
58982,23275,1
58982,23281,1
58982,23328,1
58982,23389,1
58982,23490,1
58982,23541,1
58982,23728,1
58982,23763,1
58982,23765,1
58982,23856,1
58982,23865,1
58982,23967,1
58982,24000,2
58982,24082,1
58982,24223,1
58982,24324,1
58982,24341,1
58982,24730,1
58982,24785,1
58982,24786,1
58982,24816,1
58982,24873,1
58982,24948,1
58982,24992,1
58982,25096,1
58982,25259,1
58982,25316,1
58982,25348,1
58982,25352,1
58982,25449,1
58982,25925,1
58982,25998,1
58982,26078,1
58982,26114,1
58982,26866,1
58982,27037,1
58982,27238,1
58982,27365,1
58982,27470,1
58982,27581,1
58982,27637,1
58982,27921,1
58982,27988,1
58982,28218,1
58982,28321,1
58982,28363,1
58982,28575,1
58982,28645,1
58982,28746,1
58982,28951,1
58982,29063,1
58982,29082,1
58982,29259,1
58982,29282,1
58982,29310,1
58982,29342,1
58982,29429,1
58982,29629,1
58982,29723,1
58982,29745,1
58982,29842,1
58982,29850,1
58982,29858,1
58982,30503,1
58982,30535,1
58982,30543,1
58982,30602,1
58982,30641,1
58982,30733,1
58982,31026,1
58982,31049,1
58982,31089,1
58982,31130,1
58982,31159,2
58982,31241,1
58982,31248,1
58982,31352,1
58982,31495,1
58982,31638,1
58982,31662,1
58982,31665,1
58982,31680,1
58982,31717,1
58982,31719,1
58982,31768,1
58982,31779,1
58982,31821,1
58982,31855,1
58982,31934,1
58982,31977,1
58982,32067,1
58982,32075,1
58982,32126,1
58982,32185,1
58982,32366,1
58982,32487,1
58982,32699,1
58982,32726,1
58982,32800,1
58982,32837,1
58982,32876,1
58982,32902,1
58982,33001,1
58982,33013,1
58982,33057,1
58982,33071,1
58982,33072,1
58982,33157,1
58982,33273,1
58982,33481,1
58982,33552,1
58982,33685,1
58982,33752,1
58982,34109,1
58982,34209,1
58982,34313,1
58982,34328,1
58982,34635,1
58982,34733,1
58982,34817,1
58982,35098,1
58982,35180,1
58982,35273,1
58982,35675,1
58982,35775,1
58982,35826,1
58982,35899,1
58982,36215,1
58982,36431,1
58982,36822,1
58982,44717,1
58982,45634,1
58982,46702,1
58982,51472,1
61354,115,9
61354,182,7
61354,228,7
61354,244,15
61354,262,62162
61354,267,10
61354,268,14
61354,271,6
61354,273,71546
61354,278,53183
61354,280,30038
61354,281,64161
61354,282,62726
61354,283,62808
61354,284,42228
61354,285,53412
61354,286,66418
61354,287,42281
61354,288,39560
61354,289,57081
61354,290,49415
61354,291,75926
61354,292,58161
61354,293,56162
61354,294,29868
61354,296,41561
61354,297,57804
61354,298,85105
61354,299,370717
61354,300,352398
61354,301,82847
61354,302,55318
61354,303,48026
61354,304,70452
61354,305,251683
61354,306,74327
61354,307,53797
61354,308,77040
61354,309,54525
61354,310,50824
61354,311,80828
61354,312,30512
61354,313,42153
61354,314,45551
61354,315,52733
61354,316,69386
61354,317,65882
61354,318,46334
61354,319,74828
61354,320,73734
61354,321,30543
61354,322,63050
61354,323,41624
61354,324,30077
61354,325,67739
61354,326,83003
61354,327,72888
61354,328,85479
61354,329,78455
61354,330,43549
61354,331,57980
61354,332,85543
61354,333,84039
61354,334,29167
61354,335,79948
61354,336,61214
61354,337,40363
61354,338,61712
61354,339,35810
61354,340,48798
61354,341,55261
61354,342,39058
61354,343,62546
61354,344,74810
61354,345,67659
61354,346,33638
61354,347,30602
61354,348,72416
61354,349,43231
61354,350,48702
61354,351,32847
61354,352,38535
61354,353,44578
61354,354,47409
61354,355,53114
61354,356,39683
61354,357,58259
61354,358,40897
61354,359,38079
61354,360,69476
61354,361,41710
61354,362,66240
61354,363,47365
61354,364,65228
61354,365,84662
61354,366,79334
61354,367,46738
61354,368,161651
61354,369,1457
61354,370,2274
61354,371,2657
61354,372,2649
61354,373,1701
61354,374,2275
61354,375,2678
61354,376,2877
61354,377,1423
61354,378,1297
61354,379,11813
61354,380,2711
61354,381,2880
61354,382,2556
61354,383,2258
61354,384,1381
61354,385,2733
61354,386,1533
61354,387,2687
61354,388,2131
61354,389,1542
61354,390,1231
61354,391,1044
61354,392,1807
61354,393,1110
61354,394,1603
61354,395,2649
61354,396,1629
61354,397,1701
61354,398,2074
61354,399,1485
61354,400,2694
61354,401,1855
61354,402,1505
61354,403,992
61354,404,2267
61354,405,2683
61354,406,2573
61354,407,1635
61354,408,1301
61354,409,1046
61354,410,1784
61354,411,2410
61354,412,1168
61354,413,2848
61354,414,1775
61354,415,1954
61354,416,2730
61354,417,2598
61354,418,1892
61354,419,1162
61354,420,989
61354,421,2872
61354,422,1840
61354,423,1575
61354,424,2847
61354,425,2165
61354,426,1042
61354,427,2847
61354,428,2867
61354,429,2250
61354,430,1470
61354,431,1446
61354,432,1126
61354,433,1836
61354,434,1725
61354,435,1563
61354,436,2609
61354,437,2699
61354,438,2023
61354,439,2090
61354,440,1008
61354,441,119
61354,442,28
61354,443,2231
61354,444,11
61354,445,6
61354,446,9
61354,447,1192
61354,448,14
61354,449,11
61354,450,16
61354,451,7
61354,452,14
61354,453,15
61354,454,9
61354,455,15
61354,456,6
61354,457,13
61354,458,13
61354,459,13
61354,460,16
61354,461,14
61354,462,10
61354,463,8
61354,464,6
61354,465,12
61354,466,7
61354,467,8
61354,468,10
61354,487,15
62541,32,882
62541,44,1016
62541,48,755
62541,52,911
62541,53,890
62541,54,892
62541,55,599
62541,56,758
62541,57,943
62541,58,600
62541,59,562
62541,60,810
62541,61,701
62541,62,9
62541,63,826
62541,64,5
62541,67,494037
62541,68,820
62541,71,784
62541,72,1176
62541,73,785
62541,74,1193
62541,75,682
62541,76,1000
62541,77,24912
62541,78,1055
62541,79,764
62541,80,774
62541,81,1094
62541,82,721
62541,83,1147
62541,84,433
62541,85,598
62541,86,647
62541,87,749
62541,88,985
62541,89,935
62541,90,658
62541,91,1062
62541,92,1047
62541,93,434
62541,94,895
62541,95,1213
62541,96,591
62541,97,427
62541,98,962
62541,99,1114
62541,100,1178
62541,101,1035
62541,102,414
62541,103,823
62541,104,618
62541,105,1214
62541,106,1135
62541,107,869
62541,108,573
62541,109,693
62541,110,404
62541,111,29
62541,112,876
62541,113,508
62541,114,5
62541,115,9
62541,116,9
62541,117,8
62541,118,3
62541,119,8
62541,120,8
62541,121,434
62541,122,6
62541,123,7
62541,124,5
62541,125,6
62541,126,6
62541,127,6
62541,128,9
62541,129,7
62541,130,9
62541,131,8
62541,132,4
62541,133,7
62541,134,5
62541,135,7
62541,136,6
62541,137,5
62541,138,10
62541,139,9
62541,140,5
62541,141,5
62541,142,13
62541,145,4
62541,152,6
62541,153,6
62541,159,7
62541,167,4
5305,113,8
5305,120,10
5305,122,9
5305,144,10
5305,148,1645
5305,151,7
5305,161,2414
5305,179,11
5305,180,2778
5305,181,12
5305,188,2065
5305,189,5
5305,191,1166
5305,193,2491
5305,194,2948
5305,195,2436
5305,196,2439
5305,197,1640
5305,198,4
5305,199,1919
5305,200,2074
5305,201,2579
5305,202,1642
5305,203,1536
5305,204,2217
5305,205,2181
5305,206,1160
5305,207,3305
5305,208,2572
5305,209,1839
5305,210,1139
5305,211,2259
5305,212,1897
5305,213,1815
5305,214,3135
5305,215,7
5305,216,6
5305,217,1614
5305,218,3063
5305,219,2245
5305,220,7
5305,221,9
5305,222,2630
5305,223,2146
5305,224,1966
5305,225,3217
5305,226,1841
5305,227,2148
5305,228,3275
5305,229,1186
5305,230,1865
5305,231,2736
5305,232,31922
5305,233,22617
5305,234,2886
5305,235,2117
5305,236,3263
5305,237,29492
5305,238,2089
5305,239,2992
5305,240,1974
5305,241,1185
5305,242,3139
5305,243,1769
5305,244,2048
5305,245,2448
5305,246,1637
5305,247,3319
5305,248,3047
5305,249,3105
5305,250,2694
5305,251,2377
5305,252,1895
5305,253,2558
5305,254,1799
5305,255,2906
5305,256,2863
5305,257,1567
5305,258,1517
5305,259,2429
5305,260,2627
5305,261,2812
5305,262,1679
5305,263,1616
5305,264,1276
5305,265,1168
5305,266,2630
5305,267,2905
5305,268,1891
5305,269,3223
5305,270,1133
5305,271,2830
5305,272,1496
5305,273,1731
5305,274,2063
5305,275,1691
5305,276,2251
5305,277,3322
5305,278,1541
5305,279,1588
5305,280,1479
5305,281,2698
5305,282,2262
5305,283,1620
5305,284,2533
5305,285,3288
5305,286,3081
5305,287,3223
5305,288,2396
5305,289,1306
5305,290,1685
5305,291,1391
5305,292,2955
5305,293,3301
5305,294,2089
5305,296,1555
5305,297,1783
5305,298,2239
5305,301,1160
5305,302,3330
5305,303,1188
5305,304,2873
5305,305,2996
5305,306,3096
5305,307,2659
5305,308,2745
5305,309,3160
5305,310,430
5305,311,12
5305,312,11
5305,313,7
5305,314,8
5305,315,10
5305,316,12
5305,317,9
5305,318,5
5305,319,12
5305,320,6
5305,321,9
5305,322,12
5305,323,6
5305,324,4
5305,325,11
5305,326,10
5305,327,11
5305,328,6
5305,329,6
5305,330,4
5305,331,7
5305,332,7
5305,333,12
5305,334,4
5305,335,8
5305,336,8
5305,337,9
5305,338,11
5305,339,9
5305,340,6
5305,341,5
5305,342,10
5305,343,11
5305,344,4
5305,345,4
5305,346,9
5305,347,4
5305,348,5
5305,349,9
5305,350,8
5305,351,10
5305,352,6
5305,353,11
5305,354,10
5305,355,10
5305,356,12
5305,357,10
5305,358,6
5305,359,6
5305,360,10
5305,361,5
5305,362,6
5305,363,11
5305,364,5
5305,365,8
5305,366,11
5305,367,11
5305,368,6
5305,369,10
5305,370,6
5305,371,10
5305,372,9
5305,373,8
5305,374,7
5305,375,10
5305,376,6
5305,377,7
5305,378,11
5305,379,11
5305,380,11
5305,381,8
5305,382,11
5305,383,9
5305,384,7
5305,385,4
5305,386,8
5305,387,5
5305,388,9
5305,389,9
5305,390,4
5305,391,9
5305,392,7
5305,393,12
5305,394,9
5305,395,7
5305,396,5
5305,397,9
5305,398,29
5305,399,8
5305,400,1
5305,401,6
5305,402,1
5305,403,1
5305,405,4
5305,409,580
5305,410,9
5305,413,8
5305,414,266
5305,417,351
5305,418,367
5305,419,448
5305,420,8
5305,421,9
5305,422,10
5305,423,11
5305,425,331
5305,426,6
5305,427,225
5305,428,8
5305,429,4
5305,430,5
5305,431,240
5305,432,9
5305,433,4089
5305,434,320
5305,435,10
5305,437,6
5305,438,460
5305,439,577
5305,440,9
5305,441,571
5305,442,10
5305,443,12
5305,445,1
5305,446,5
5305,447,11
5305,448,555
5305,451,4
5305,452,10
5305,453,560
5305,455,10
5305,459,8
5305,460,12
5305,461,10
5305,462,9
5305,463,6
5305,467,5
5305,468,5
5305,469,6
5305,471,6
5305,473,10
5305,474,9
5305,477,7
5305,481,10
5305,491,9
5305,492,5
5305,495,4
5305,501,9
5305,502,11
5305,503,5
5305,510,7
5305,512,5
5305,514,5
5305,516,5
5305,517,6
5305,518,7
5305,522,5
5305,524,401
5305,527,7
5305,528,10
5305,531,7
5305,532,9
5305,534,11
5305,536,320
5305,543,11
5305,544,332
5305,547,364
5305,548,436
5305,549,11
5305,552,705
5305,553,469
5305,554,638
5305,555,255
5305,556,11
5305,557,511
5305,558,478
5305,559,678
5305,560,650
5305,561,301
5305,562,691
5305,563,465
5305,564,2327
5305,565,547
5305,566,568
5305,567,451
5305,568,395
5305,569,719
5305,570,363
5305,571,609
5305,572,350
5305,573,464
5305,574,728
5305,575,369
5305,576,250
5305,577,536
5305,578,697
5305,579,726
5305,580,264
5305,581,581
5305,582,365
5305,583,719
5305,584,400
5305,585,659
5305,586,408
5305,587,514
5305,588,251
5305,589,430
5305,590,279
5305,591,387
5305,592,632
5305,593,490
5305,594,709
5305,595,329
5305,596,646
5305,597,694
5305,598,388
5305,599,690
5305,600,260
5305,601,688
5305,602,582
5305,603,563
5305,604,1
5305,605,7
5305,606,9
5305,607,5
5305,608,8
5305,609,12
5305,610,5
5305,611,11
5305,612,10
5305,613,12
5305,614,5
5305,615,10
5305,616,6
5305,617,7
5305,619,12
5305,627,11
5305,649,7
5305,668,5
5305,943,3
5305,2152,1
5305,2855,3
61306,35,15199
61306,36,147000
61306,37,179935
61306,38,16680
61306,39,184001
61306,40,9966
61306,41,17009
61306,42,7138
61307,151,2
61307,153,2
61307,181,12
61307,190,768503
61307,192,2309642
61307,193,419665
61307,194,267152
61307,195,249959
61307,196,1941045
61307,197,469638
61307,198,486781
61307,199,339920
61307,200,344519
61307,201,460546
61307,202,275163
61307,203,445155
61307,204,510710
61307,205,193358
61307,206,524457
61307,207,321130
61307,208,192794
61307,209,263000
61307,210,266343
61307,211,287813
61307,212,190042
61307,213,416276
61307,214,226265
61307,215,303452
61307,216,523469
61307,217,2
